arm	audit	cell	job	state	M1_E1	M1_completed	M2_E2	M2_cvar95V_ms	M3_maxA_ms	M3_meanA_ms	M3_p95A_ms	M3_riders	M3_shareA_gt_300s	M3_shareA_gt_60s	M3_shareA_gt_900s	M3_shareA_gt_x	M4_maxC_ms	M4_shareC_gt_x	M5_forcedBreaches	M5_forcedRiderShare	M5_meanForcedFleetShare	M5_nonNormalShare	M5_pendingAllForcedShare	M6_latePickupMax_ms	M6_latePickups	M7_gatePrunes	M7_gatedMultiShare	decisions	family	level	output	requests	scenarioSha256	wallSeconds	world	policyConfigurationHash	V_own_broken	S_j_ms	covered
U	ok	d20181114-s10-r3-w07	U-d20181114-s10-r3-w07	status-pass	0.4351851851851852	47	0.23404255319148937	165718.0	232288	36824.765957446805	103472	47	0.0	0.1702127659574468	0.0		0		0	0.0	0.0	0.0	0.0	59745	4	4	0.05555555555555555	442	U		U-d20181114-s10-r3-w07	108	ad12d98622fd76c08672e49ffae8d9e74cea39186d6fc02d17bd93ff95858dc5	906	W5	251b331eb56fe870e734d651bf6937e95304919ed92967b2f3b0d0b9da1ac346			
C-30	ok	d20181114-s10-r3-w07	C-30-d20181114-s10-r3-w07	status-pass	0.4351851851851852	47	0.23404255319148937	165718.0	232288	36824.765957446805	103472	47	0.0	0.1702127659574468	0.0	0.44680851063829785	0	0.0	0	0.0	0.0	0.0	0.0	59745	4	13	0.037037037037037035	442	C	30	C-30-d20181114-s10-r3-w07	108	ad12d98622fd76c08672e49ffae8d9e74cea39186d6fc02d17bd93ff95858dc5	921	W5	a2f11a3ada0773f9b30b85c56c935058e2e931f13c907f46b2ddfff8c1285f1c		252492	False
Mplus-30	ok	d20181114-s10-r3-w07	Mplus-30-d20181114-s10-r3-w07	status-pass	0.4351851851851852	47	0.23404255319148937	165718.0	232288	36824.765957446805	103472	47	0.0	0.1702127659574468	0.0	0.44680851063829785	0	0.0	572	0.48936170212765956	0.34304298642533937	0.7262443438914027	0.027777777777777776	59745	4	14	0.037037037037037035	442	Mplus	30	Mplus-30-d20181114-s10-r3-w07	108	ad12d98622fd76c08672e49ffae8d9e74cea39186d6fc02d17bd93ff95858dc5	1035	W5	6c3e9d73f094d61e1a0514d7909c32d0231afd381198ea5b3b520675153880cf			
Mplus-60	ok	d20181114-s10-r3-w07	Mplus-60-d20181114-s10-r3-w07	status-pass	0.4351851851851852	47	0.23404255319148937	165718.0	232288	36824.765957446805	103472	47	0.0	0.1702127659574468	0.0	0.1702127659574468	0	0.0	249	0.1702127659574468	0.17138009049773756	0.4343891402714932	0.0	59745	4	13	0.037037037037037035	442	Mplus	60	Mplus-60-d20181114-s10-r3-w07	108	ad12d98622fd76c08672e49ffae8d9e74cea39186d6fc02d17bd93ff95858dc5	978	W5	e8c7c6af4c9b9d2dd0ccab02340d21b40a78790255a2080723868ab1f1b3392b			
V-30	ok	d20181114-s10-r3-w07	V-30-d20181114-s10-r3-w07	status-pass	0.4351851851851852	47	0.23404255319148937	165718.0	232288	36824.765957446805	103472	47	0.0	0.1702127659574468	0.0	0.44680851063829785	0	0.0	631	0.5531914893617021	0.3755656108597285	0.7262443438914027	0.027777777777777776	59745	4	14	0.037037037037037035	442	V	30	V-30-d20181114-s10-r3-w07	108	ad12d98622fd76c08672e49ffae8d9e74cea39186d6fc02d17bd93ff95858dc5	1055	W5	e1640647900c873106e237fe241d85993e9f4c2130e6146fb49e360675b04550	0.5531914893617021		
U	ok	d20181114-s10-r3-w08	U-d20181114-s10-r3-w08	status-pass	0.6944444444444444	75	0.10666666666666667	250918.75	395682	24271.466666666667	122422	75	0.02666666666666667	0.09333333333333334	0.0		310124		0	0.0	0.0	0.0	0.0	3563	1	9	0.08333333333333333	638	U		U-d20181114-s10-r3-w08	108	05303c899aa88a702c4dbe762d9b86a7be1b1b46ea2167d0e76547e08eaa91e7	1514	W5	251b331eb56fe870e734d651bf6937e95304919ed92967b2f3b0d0b9da1ac346			
C-30	ok	d20181114-s10-r3-w08	C-30-d20181114-s10-r3-w08	status-pass	0.6759259259259259	73	0.0273972602739726	81139.5	86586	10318.890410958904	36150	73	0.0	0.0273972602739726	0.0	0.1095890410958904	7049	0.0	0	0.0	0.0	0.0	0.0	0	0	44	0.05555555555555555	621	C	30	C-30-d20181114-s10-r3-w08	108	05303c899aa88a702c4dbe762d9b86a7be1b1b46ea2167d0e76547e08eaa91e7	1446	W5	a2f11a3ada0773f9b30b85c56c935058e2e931f13c907f46b2ddfff8c1285f1c		111442	True
Mplus-30	ok	d20181114-s10-r3-w08	Mplus-30-d20181114-s10-r3-w08	status-pass	0.6944444444444444	75	0.02666666666666667	81139.5	86586	10134.466666666667	36150	75	0.0	0.02666666666666667	0.0	0.09333333333333334	0	0.0	235	0.09333333333333334	0.10688976377952755	0.32125984251968503	0.0	6358	1	45	0.08333333333333333	635	Mplus	30	Mplus-30-d20181114-s10-r3-w08	108	05303c899aa88a702c4dbe762d9b86a7be1b1b46ea2167d0e76547e08eaa91e7	1685	W5	6c3e9d73f094d61e1a0514d7909c32d0231afd381198ea5b3b520675153880cf			
Mplus-60	ok	d20181114-s10-r3-w08	Mplus-60-d20181114-s10-r3-w08	status-pass	0.6759259259259259	73	0.0273972602739726	81139.5	86586	10318.890410958904	36150	73	0.0	0.0273972602739726	0.0	0.0273972602739726	7049	0.0	74	0.0273972602739726	0.03482286634460548	0.1932367149758454	0.0	0	0	41	0.05555555555555555	621	Mplus	60	Mplus-60-d20181114-s10-r3-w08	108	05303c899aa88a702c4dbe762d9b86a7be1b1b46ea2167d0e76547e08eaa91e7	1505	W5	e8c7c6af4c9b9d2dd0ccab02340d21b40a78790255a2080723868ab1f1b3392b			
V-30	ok	d20181114-s10-r3-w08	V-30-d20181114-s10-r3-w08	status-pass	0.6944444444444444	75	0.02666666666666667	81139.5	86586	10134.466666666667	36150	75	0.0	0.02666666666666667	0.0	0.09333333333333334	0	0.0	299	0.13333333333333333	0.13641732283464567	0.4031496062992126	0.0	6358	1	45	0.08333333333333333	635	V	30	V-30-d20181114-s10-r3-w08	108	05303c899aa88a702c4dbe762d9b86a7be1b1b46ea2167d0e76547e08eaa91e7	1821	W5	e1640647900c873106e237fe241d85993e9f4c2130e6146fb49e360675b04550	0.13333333333333333		
U	ok	d20181114-s10-r3-w17	U-d20181114-s10-r3-w17	status-pass	0.8703703703703703	94	0.05319148936170213	157654.4	207481	-2261.191489361702	20623	94	0.0	0.0425531914893617	0.0		213277		0	0.0	0.0	0.0	0.0	0	0	13	0.18691588785046728	766	U		U-d20181114-s10-r3-w17	108	4c2ae9f4ac10fc068f66f64871d282307e6efafa219370e96f21e903c6940df9	2179	W5	251b331eb56fe870e734d651bf6937e95304919ed92967b2f3b0d0b9da1ac346			
C-30	ok	d20181114-s10-r3-w17	C-30-d20181114-s10-r3-w17-rerun1	status-pass	0.8333333333333334	90	0.0	45037.6	6274	-9203.58888888889	3529	90	0.0	0.0	0.0	0.0	5938	0.0	0	0.0	0.0	0.0	0.0	0	0	63	0.08333333333333333	740	C	30	C-30-d20181114-s10-r3-w17-rerun1	108	4c2ae9f4ac10fc068f66f64871d282307e6efafa219370e96f21e903c6940df9	631	W5	a2f11a3ada0773f9b30b85c56c935058e2e931f13c907f46b2ddfff8c1285f1c		57818	True
Mplus-30	ok	d20181114-s10-r3-w17	Mplus-30-d20181114-s10-r3-w17	status-pass	0.8333333333333334	90	0.0	45037.6	6274	-9203.58888888889	3529	90	0.0	0.0	0.0	0.0	5938	0.0	0	0.0	0.0	0.0	0.0	0	0	58	0.09259259259259259	740	Mplus	30	Mplus-30-d20181114-s10-r3-w17	108	4c2ae9f4ac10fc068f66f64871d282307e6efafa219370e96f21e903c6940df9	2832	W5	6c3e9d73f094d61e1a0514d7909c32d0231afd381198ea5b3b520675153880cf			
Mplus-60	ok	d20181114-s10-r3-w17	Mplus-60-d20181114-s10-r3-w17	status-pass	0.8425925925925926	91	0.01098901098901099	50428.6	20623	-8907.384615384615	3571	91	0.0	0.0	0.0	0.0	39862	0.0	0	0.0	0.0	0.0	0.0	0	0	51	0.09345794392523364	746	Mplus	60	Mplus-60-d20181114-s10-r3-w17	108	4c2ae9f4ac10fc068f66f64871d282307e6efafa219370e96f21e903c6940df9	2822	W5	e8c7c6af4c9b9d2dd0ccab02340d21b40a78790255a2080723868ab1f1b3392b			
V-30	ok	d20181114-s10-r3-w17	V-30-d20181114-s10-r3-w17	status-pass	0.8333333333333334	90	0.0	45037.6	6274	-9203.58888888889	3529	90	0.0	0.0	0.0	0.0	5938	0.0	192	0.1111111111111111	0.07702702702702703	0.3635135135135135	0.0	0	0	63	0.08333333333333333	740	V	30	V-30-d20181114-s10-r3-w17	108	4c2ae9f4ac10fc068f66f64871d282307e6efafa219370e96f21e903c6940df9	2747	W5	e1640647900c873106e237fe241d85993e9f4c2130e6146fb49e360675b04550	0.1111111111111111		
U	ok	d20181114-s10-r4-w07	U-d20181114-s10-r4-w07	status-pass	0.49074074074074076	53	0.11320754716981132	95039.66666666667	91193	20860.67924528302	85537	53	0.0	0.11320754716981132	0.0		0		0	0.0	0.0	0.0	0.0	11263	4	7	0.05660377358490566	479	U		U-d20181114-s10-r4-w07	108	47af58f2a5f574afdaf5020930958ef45defc3b483cd47911426f76856a7e5cc	1769	W5	251b331eb56fe870e734d651bf6937e95304919ed92967b2f3b0d0b9da1ac346			
C-30	ok	d20181114-s10-r4-w07	C-30-d20181114-s10-r4-w07	status-pass	0.49074074074074076	53	0.11320754716981132	95039.66666666667	91193	20860.67924528302	85537	53	0.0	0.11320754716981132	0.0	0.24528301886792453	0	0.0	0	0.0	0.0	0.0	0.0	11263	4	14	0.03773584905660377	479	C	30	C-30-d20181114-s10-r4-w07	108	47af58f2a5f574afdaf5020930958ef45defc3b483cd47911426f76856a7e5cc	1739	W5	a2f11a3ada0773f9b30b85c56c935058e2e931f13c907f46b2ddfff8c1285f1c		97739	True
Mplus-30	ok	d20181114-s10-r4-w07	Mplus-30-d20181114-s10-r4-w07	status-pass	0.49074074074074076	53	0.11320754716981132	95039.66666666667	91193	20860.67924528302	85537	53	0.0	0.11320754716981132	0.0	0.24528301886792453	0	0.0	337	0.24528301886792453	0.2035490605427975	0.7724425887265136	0.0	11263	4	15	0.03773584905660377	479	Mplus	30	Mplus-30-d20181114-s10-r4-w07	108	47af58f2a5f574afdaf5020930958ef45defc3b483cd47911426f76856a7e5cc	1075	W5	6c3e9d73f094d61e1a0514d7909c32d0231afd381198ea5b3b520675153880cf			
Mplus-60	ok	d20181114-s10-r4-w07	Mplus-60-d20181114-s10-r4-w07	status-pass	0.49074074074074076	53	0.11320754716981132	95039.66666666667	91193	20860.67924528302	85537	53	0.0	0.11320754716981132	0.0	0.11320754716981132	0	0.0	153	0.11320754716981132	0.09159707724425888	0.5281837160751566	0.0	11263	4	15	0.03773584905660377	479	Mplus	60	Mplus-60-d20181114-s10-r4-w07	108	47af58f2a5f574afdaf5020930958ef45defc3b483cd47911426f76856a7e5cc	849	W5	e8c7c6af4c9b9d2dd0ccab02340d21b40a78790255a2080723868ab1f1b3392b			
V-30	ok	d20181114-s10-r4-w07	V-30-d20181114-s10-r4-w07	status-pass	0.49074074074074076	53	0.11320754716981132	95039.66666666667	91193	20860.67924528302	85537	53	0.0	0.11320754716981132	0.0	0.24528301886792453	0	0.0	396	0.3018867924528302	0.24112734864300625	0.7724425887265136	0.0	11263	4	15	0.03773584905660377	479	V	30	V-30-d20181114-s10-r4-w07	108	47af58f2a5f574afdaf5020930958ef45defc3b483cd47911426f76856a7e5cc	770	W5	e1640647900c873106e237fe241d85993e9f4c2130e6146fb49e360675b04550	0.3018867924528302		
U	ok	d20181114-s10-r4-w08	U-d20181114-s10-r4-w08	status-pass	0.8240740740740741	89	0.02247191011235955	73466.2	117956	9386.752808988764	29693	89	0.0	0.02247191011235955	0.0		115122		0	0.0	0.0	0.0	0.0	10391	2	13	0.1388888888888889	731	U		U-d20181114-s10-r4-w08	108	23fcd093ead2eaf2744c87fed5b8852ec5240f6d538039e8d46a3c2ff9032d90	1260	W5	251b331eb56fe870e734d651bf6937e95304919ed92967b2f3b0d0b9da1ac346			
C-30	ok	d20181114-s10-r4-w08	C-30-d20181114-s10-r4-w08	status-pass	0.8055555555555556	87	0.0	38948.2	39676	7018.919540229885	26848	87	0.0	0.0	0.0	0.022988505747126436	0	0.0	0	0.0	0.0	0.0	0.0	10391	2	42	0.06481481481481481	718	C	30	C-30-d20181114-s10-r4-w08	108	23fcd093ead2eaf2744c87fed5b8852ec5240f6d538039e8d46a3c2ff9032d90	1204	W5	a2f11a3ada0773f9b30b85c56c935058e2e931f13c907f46b2ddfff8c1285f1c		50862	True
Mplus-30	ok	d20181114-s10-r4-w08	Mplus-30-d20181114-s10-r4-w08	status-pass	0.8055555555555556	87	0.0	38948.2	39676	7018.919540229885	26848	87	0.0	0.0	0.0	0.022988505747126436	0	0.0	80	0.034482758620689655	0.03534122562674095	0.2646239554317549	0.0	10391	2	42	0.06481481481481481	718	Mplus	30	Mplus-30-d20181114-s10-r4-w08	108	23fcd093ead2eaf2744c87fed5b8852ec5240f6d538039e8d46a3c2ff9032d90	1225	W5	6c3e9d73f094d61e1a0514d7909c32d0231afd381198ea5b3b520675153880cf			
Mplus-60	ok	d20181114-s10-r4-w08	Mplus-60-d20181114-s10-r4-w08	status-pass	0.8055555555555556	87	0.0	38948.2	39676	7018.919540229885	26848	87	0.0	0.0	0.0	0.0	0	0.0	0	0.0	0.0	0.0	0.0	10391	2	39	0.06481481481481481	718	Mplus	60	Mplus-60-d20181114-s10-r4-w08	108	23fcd093ead2eaf2744c87fed5b8852ec5240f6d538039e8d46a3c2ff9032d90	1193	W5	e8c7c6af4c9b9d2dd0ccab02340d21b40a78790255a2080723868ab1f1b3392b			
V-30	ok	d20181114-s10-r4-w08	V-30-d20181114-s10-r4-w08	status-pass	0.8055555555555556	87	0.0	38948.2	39676	7018.919540229885	26848	87	0.0	0.0	0.0	0.022988505747126436	0	0.0	140	0.05747126436781609	0.06128133704735376	0.3649025069637883	0.0	10391	2	42	0.06481481481481481	718	V	30	V-30-d20181114-s10-r4-w08	108	23fcd093ead2eaf2744c87fed5b8852ec5240f6d538039e8d46a3c2ff9032d90	1224	W5	e1640647900c873106e237fe241d85993e9f4c2130e6146fb49e360675b04550	0.05747126436781609		
U	ok	d20181114-s10-r4-w17	U-d20181114-s10-r4-w17	status-pass	0.8611111111111112	93	0.03225806451612903	135071.8	182850	-4009.989247311828	2877	93	0.0	0.03225806451612903	0.0		193272		0	0.0	0.0	0.0	0.0	0	0	16	0.24299065420560748	756	U		U-d20181114-s10-r4-w17	108	8ec087dc8002fe36a6b82c6ab4b76357c16901833bd6747c18a437b414fd9054	1078	W5	251b331eb56fe870e734d651bf6937e95304919ed92967b2f3b0d0b9da1ac346			
C-30	ok	d20181114-s10-r4-w17	C-30-d20181114-s10-r4-w17	status-pass	0.8240740740740741	89	0.0	45353.8	3338	-9366	1	89	0.0	0.0	0.0	0.0	4026	0.0	0	0.0	0.0	0.0	0.0	0	0	71	0.11214953271028037	730	C	30	C-30-d20181114-s10-r4-w17	108	8ec087dc8002fe36a6b82c6ab4b76357c16901833bd6747c18a437b414fd9054	996	W5	a2f11a3ada0773f9b30b85c56c935058e2e931f13c907f46b2ddfff8c1285f1c		52713	True
Mplus-30	ok	d20181114-s10-r4-w17	Mplus-30-d20181114-s10-r4-w17	status-pass	0.8240740740740741	89	0.0	45353.8	3338	-9366	1	89	0.0	0.0	0.0	0.0	4026	0.0	0	0.0	0.0	0.0	0.0	0	0	69	0.11214953271028037	730	Mplus	30	Mplus-30-d20181114-s10-r4-w17	108	8ec087dc8002fe36a6b82c6ab4b76357c16901833bd6747c18a437b414fd9054	994	W5	6c3e9d73f094d61e1a0514d7909c32d0231afd381198ea5b3b520675153880cf			
Mplus-60	ok	d20181114-s10-r4-w17	Mplus-60-d20181114-s10-r4-w17	status-pass	0.8333333333333334	90	0.011111111111111112	56083.8	3338	-8993.877777777778	424	90	0.0	0.0	0.0	0.0	49426	0.0	0	0.0	0.0	0.0	0.0	0	0	55	0.14018691588785046	736	Mplus	60	Mplus-60-d20181114-s10-r4-w17	108	8ec087dc8002fe36a6b82c6ab4b76357c16901833bd6747c18a437b414fd9054	996	W5	e8c7c6af4c9b9d2dd0ccab02340d21b40a78790255a2080723868ab1f1b3392b			
V-30	ok	d20181114-s10-r4-w17	V-30-d20181114-s10-r4-w17	status-pass	0.8148148148148148	88	0.0	44738.6	3338	-9599.65909090909	1	88	0.0	0.0	0.0	0.0	4026	0.0	172	0.07954545454545454	0.07330567081604426	0.2752420470262794	0.0	0	0	71	0.102803738317757	723	V	30	V-30-d20181114-s10-r4-w17	108	8ec087dc8002fe36a6b82c6ab4b76357c16901833bd6747c18a437b414fd9054	978	W5	e1640647900c873106e237fe241d85993e9f4c2130e6146fb49e360675b04550	0.07954545454545454		
U	ok	d20181115-s10-r1-w07	U-d20181115-s10-r1-w07	status-pass	0.4074074074074074	44	0.22727272727272727	174901.33333333334	190456	37006.36363636364	124290	44	0.0	0.22727272727272727	0.0		0		0	0.0	0.0	0.0	0.0	34894	2	2	0.05555555555555555	421	U		U-d20181115-s10-r1-w07	108	ce947002c9e4fd8939bcc95d647e83225658367e011b9171e3a60dc8be611227	450	W5	251b331eb56fe870e734d651bf6937e95304919ed92967b2f3b0d0b9da1ac346			
C-30	ok	d20181115-s10-r1-w07	C-30-d20181115-s10-r1-w07	status-pass	0.4074074074074074	44	0.22727272727272727	174901.33333333334	190456	37006.36363636364	124290	44	0.0	0.22727272727272727	0.0	0.5	0	0.0	0	0.0	0.0	0.0	0.0	34894	2	9	0.027777777777777776	421	C	30	C-30-d20181115-s10-r1-w07	108	ce947002c9e4fd8939bcc95d647e83225658367e011b9171e3a60dc8be611227	447	W5	a2f11a3ada0773f9b30b85c56c935058e2e931f13c907f46b2ddfff8c1285f1c		205726	True
Mplus-30	ok	d20181115-s10-r1-w07	Mplus-30-d20181115-s10-r1-w07	status-pass	0.4074074074074074	44	0.22727272727272727	174901.33333333334	190456	37006.36363636364	124290	44	0.0	0.22727272727272727	0.0	0.5	0	0.0	571	0.5	0.37114014251781474	0.7672209026128266	0.0	34894	2	9	0.027777777777777776	421	Mplus	30	Mplus-30-d20181115-s10-r1-w07	108	ce947002c9e4fd8939bcc95d647e83225658367e011b9171e3a60dc8be611227	527	W5	6c3e9d73f094d61e1a0514d7909c32d0231afd381198ea5b3b520675153880cf			
Mplus-60	ok	d20181115-s10-r1-w07	Mplus-60-d20181115-s10-r1-w07	status-pass	0.4074074074074074	44	0.22727272727272727	174901.33333333334	190456	37006.36363636364	124290	44	0.0	0.22727272727272727	0.0	0.22727272727272727	0	0.0	328	0.22727272727272727	0.2321852731591449	0.6959619952494062	0.0	34894	2	9	0.027777777777777776	421	Mplus	60	Mplus-60-d20181115-s10-r1-w07	108	ce947002c9e4fd8939bcc95d647e83225658367e011b9171e3a60dc8be611227	506	W5	e8c7c6af4c9b9d2dd0ccab02340d21b40a78790255a2080723868ab1f1b3392b			
V-30	ok	d20181115-s10-r1-w07	V-30-d20181115-s10-r1-w07	status-pass	0.4074074074074074	44	0.22727272727272727	174901.33333333334	190456	37006.36363636364	124290	44	0.0	0.22727272727272727	0.0	0.5	0	0.0	571	0.5	0.37114014251781474	0.7672209026128266	0.0	34894	2	10	0.027777777777777776	421	V	30	V-30-d20181115-s10-r1-w07	108	ce947002c9e4fd8939bcc95d647e83225658367e011b9171e3a60dc8be611227	523	W5	e1640647900c873106e237fe241d85993e9f4c2130e6146fb49e360675b04550	0.5		
U	ok	d20181115-s10-r1-w08	U-d20181115-s10-r1-w08	status-pass	0.6759259259259259	73	0.0821917808219178	219851.0	377920	21100.671232876713	71019	73	0.0136986301369863	0.0547945205479452	0.0		278946		0	0.0	0.0	0.0	0.0	3952	3	5	0.09433962264150944	621	U		U-d20181115-s10-r1-w08	108	8fe52229bada172585e3f6050c2ad9216c4946f5567b4ff2ca7ef696d631001e	841	W5	251b331eb56fe870e734d651bf6937e95304919ed92967b2f3b0d0b9da1ac346			
C-30	ok	d20181115-s10-r1-w08	C-30-d20181115-s10-r1-w08	status-pass	0.6481481481481481	70	0.02857142857142857	67422.75	83108	10874.557142857142	36286	70	0.0	0.014285714285714285	0.0	0.08571428571428572	0	0.0	0	0.0	0.0	0.0	0.0	3952	2	28	0.0660377358490566	598	C	30	C-30-d20181115-s10-r1-w08	108	8fe52229bada172585e3f6050c2ad9216c4946f5567b4ff2ca7ef696d631001e	733	W5	a2f11a3ada0773f9b30b85c56c935058e2e931f13c907f46b2ddfff8c1285f1c		103790	True
Mplus-30	ok	d20181115-s10-r1-w08	Mplus-30-d20181115-s10-r1-w08	status-pass	0.6481481481481481	70	0.02857142857142857	67422.75	83108	10874.557142857142	36286	70	0.0	0.014285714285714285	0.0	0.08571428571428572	0	0.0	224	0.1	0.11036789297658862	0.6086956521739131	0.0	3952	2	28	0.0660377358490566	598	Mplus	30	Mplus-30-d20181115-s10-r1-w08	108	8fe52229bada172585e3f6050c2ad9216c4946f5567b4ff2ca7ef696d631001e	802	W5	6c3e9d73f094d61e1a0514d7909c32d0231afd381198ea5b3b520675153880cf			
Mplus-60	ok	d20181115-s10-r1-w08	Mplus-60-d20181115-s10-r1-w08	status-pass	0.7037037037037037	76	0.039473684210526314	71552.75	83108	11109.105263157895	36315	76	0.0	0.013157894736842105	0.0	0.013157894736842105	58874	0.0	71	0.02631578947368421	0.0330188679245283	0.2531446540880503	0.0	3853	2	28	0.07547169811320754	636	Mplus	60	Mplus-60-d20181115-s10-r1-w08	108	8fe52229bada172585e3f6050c2ad9216c4946f5567b4ff2ca7ef696d631001e	848	W5	e8c7c6af4c9b9d2dd0ccab02340d21b40a78790255a2080723868ab1f1b3392b			
V-30	ok	d20181115-s10-r1-w08	V-30-d20181115-s10-r1-w08	status-pass	0.6481481481481481	70	0.02857142857142857	67422.75	83108	10874.557142857142	36286	70	0.0	0.014285714285714285	0.0	0.08571428571428572	0	0.0	273	0.18571428571428572	0.13336120401337792	0.6086956521739131	0.0	3952	2	28	0.0660377358490566	598	V	30	V-30-d20181115-s10-r1-w08	108	8fe52229bada172585e3f6050c2ad9216c4946f5567b4ff2ca7ef696d631001e	796	W5	e1640647900c873106e237fe241d85993e9f4c2130e6146fb49e360675b04550	0.18571428571428572		
U	ok	d20181115-s10-r2-w07	U-d20181115-s10-r2-w07	status-pass	0.5185185185185185	56	0.26785714285714285	220605.0	231126	42768.642857142855	174495	56	0.0	0.25	0.0		139556		0	0.0	0.0	0.0	0.0	27192	7	5	0.09345794392523364	499	U		U-d20181115-s10-r2-w07	108	6d5965629d97aab41231993e5ca14458ea30d3d8d14cbf1a4d212ac626e3681e	687	W5	251b331eb56fe870e734d651bf6937e95304919ed92967b2f3b0d0b9da1ac346			
C-30	ok	d20181115-s10-r2-w07	C-30-d20181115-s10-r2-w07	status-pass	0.5370370370370371	58	0.2413793103448276	183037.66666666666	207444	37967.89655172414	123273	58	0.0	0.20689655172413793	0.0	0.5344827586206896	0	0.0	0	0.0	0.0	0.0	0.0	27192	4	22	0.056074766355140186	514	C	30	C-30-d20181115-s10-r2-w07	108	6d5965629d97aab41231993e5ca14458ea30d3d8d14cbf1a4d212ac626e3681e	700	W5	a2f11a3ada0773f9b30b85c56c935058e2e931f13c907f46b2ddfff8c1285f1c		226400	False
Mplus-30	ok	d20181115-s10-r2-w07	Mplus-30-d20181115-s10-r2-w07	status-pass	0.5370370370370371	58	0.2413793103448276	183037.66666666666	207444	37967.89655172414	123273	58	0.0	0.20689655172413793	0.0	0.5344827586206896	0	0.0	890	0.5344827586206896	0.4700875486381323	0.8035019455252919	0.0	27192	4	22	0.056074766355140186	514	Mplus	30	Mplus-30-d20181115-s10-r2-w07	108	6d5965629d97aab41231993e5ca14458ea30d3d8d14cbf1a4d212ac626e3681e	850	W5	6c3e9d73f094d61e1a0514d7909c32d0231afd381198ea5b3b520675153880cf			
Mplus-60	ok	d20181115-s10-r2-w07	Mplus-60-d20181115-s10-r2-w07	status-pass	0.5370370370370371	58	0.2413793103448276	183037.66666666666	207444	37967.89655172414	123273	58	0.0	0.20689655172413793	0.0	0.20689655172413793	0	0.0	443	0.20689655172413793	0.22957198443579765	0.7626459143968871	0.0	27192	4	22	0.056074766355140186	514	Mplus	60	Mplus-60-d20181115-s10-r2-w07	108	6d5965629d97aab41231993e5ca14458ea30d3d8d14cbf1a4d212ac626e3681e	786	W5	e8c7c6af4c9b9d2dd0ccab02340d21b40a78790255a2080723868ab1f1b3392b			
V-30	ok	d20181115-s10-r2-w07	V-30-d20181115-s10-r2-w07	status-pass	0.5370370370370371	58	0.2413793103448276	183037.66666666666	207444	37967.89655172414	123273	58	0.0	0.20689655172413793	0.0	0.5344827586206896	0	0.0	906	0.5517241379310345	0.4803015564202335	0.8035019455252919	0.0	27192	4	22	0.056074766355140186	514	V	30	V-30-d20181115-s10-r2-w07	108	6d5965629d97aab41231993e5ca14458ea30d3d8d14cbf1a4d212ac626e3681e	863	W5	e1640647900c873106e237fe241d85993e9f4c2130e6146fb49e360675b04550	0.5517241379310345		
U	ok	d20181115-s10-r2-w08	U-d20181115-s10-r2-w08	status-pass	0.7685185185185185	83	0.060240963855421686	92125.8	116939	11993.578313253012	40020	83	0.0	0.04819277108433735	0.0		98332		0	0.0	0.0	0.0	0.0	4206	1	3	0.1111111111111111	694	U		U-d20181115-s10-r2-w08	108	37f0315b3177e2acf95ca53abd9e53dc7f3f32db47f18137374e6a235d12dc58	901	W5	251b331eb56fe870e734d651bf6937e95304919ed92967b2f3b0d0b9da1ac346			
C-30	ok	d20181115-s10-r2-w08	C-30-d20181115-s10-r2-w08	status-pass	0.7407407407407407	80	0.025	62656.25	67957	9073.775	35474	80	0.0	0.0125	0.0	0.075	0	0.0	0	0.0	0.0	0.0	0.0	4206	1	20	0.07407407407407407	674	C	30	C-30-d20181115-s10-r2-w08	108	37f0315b3177e2acf95ca53abd9e53dc7f3f32db47f18137374e6a235d12dc58	869	W5	a2f11a3ada0773f9b30b85c56c935058e2e931f13c907f46b2ddfff8c1285f1c		78181	True
Mplus-30	ok	d20181115-s10-r2-w08	Mplus-30-d20181115-s10-r2-w08	status-pass	0.7407407407407407	80	0.025	62656.25	67957	9073.775	35474	80	0.0	0.0125	0.0	0.075	0	0.0	200	0.075	0.08549703264094956	0.47032640949554894	0.0	4206	1	20	0.07407407407407407	674	Mplus	30	Mplus-30-d20181115-s10-r2-w08	108	37f0315b3177e2acf95ca53abd9e53dc7f3f32db47f18137374e6a235d12dc58	918	W5	6c3e9d73f094d61e1a0514d7909c32d0231afd381198ea5b3b520675153880cf			
Mplus-60	ok	d20181115-s10-r2-w08	Mplus-60-d20181115-s10-r2-w08	status-pass	0.7407407407407407	80	0.025	62656.25	67957	9073.775	35474	80	0.0	0.0125	0.0	0.0125	0	0.0	45	0.0125	0.020956973293768544	0.16913946587537093	0.0	4206	1	18	0.07407407407407407	674	Mplus	60	Mplus-60-d20181115-s10-r2-w08	108	37f0315b3177e2acf95ca53abd9e53dc7f3f32db47f18137374e6a235d12dc58	870	W5	e8c7c6af4c9b9d2dd0ccab02340d21b40a78790255a2080723868ab1f1b3392b			
V-30	ok	d20181115-s10-r2-w08	V-30-d20181115-s10-r2-w08	status-pass	0.7407407407407407	80	0.025	62656.25	67957	9073.775	35474	80	0.0	0.0125	0.0	0.075	0	0.0	268	0.125	0.11683976261127596	0.516320474777448	0.0	4206	1	20	0.07407407407407407	674	V	30	V-30-d20181115-s10-r2-w08	108	37f0315b3177e2acf95ca53abd9e53dc7f3f32db47f18137374e6a235d12dc58	919	W5	e1640647900c873106e237fe241d85993e9f4c2130e6146fb49e360675b04550	0.125		
U	ok	d20181115-s10-r4-w07	U-d20181115-s10-r4-w07	status-pass	0.4166666666666667	45	0.24444444444444444	181944.66666666666	271857	35407.444444444445	108155	45	0.0	0.2222222222222222	0.0		112489		0	0.0	0.0	0.0	0.0	21539	2	5	0.018518518518518517	428	U		U-d20181115-s10-r4-w07	108	2ee88908cffe05025befa486b8460d3540085bee768de0f58d1d9462197d341d	474	W5	251b331eb56fe870e734d651bf6937e95304919ed92967b2f3b0d0b9da1ac346			
C-30	ok	d20181115-s10-r4-w07	C-30-d20181115-s10-r4-w07	status-pass	0.4166666666666667	45	0.24444444444444444	144010.66666666666	150189	32339.022222222222	108155	45	0.0	0.2222222222222222	0.0	0.4	11585	0.0	0	0.0	0.0	0.0	0.0	21539	2	8	0.018518518518518517	428	C	30	C-30-d20181115-s10-r4-w07	108	2ee88908cffe05025befa486b8460d3540085bee768de0f58d1d9462197d341d	473	W5	a2f11a3ada0773f9b30b85c56c935058e2e931f13c907f46b2ddfff8c1285f1c		168273	True
Mplus-30	ok	d20181115-s10-r4-w07	Mplus-30-d20181115-s10-r4-w07	status-pass	0.4166666666666667	45	0.24444444444444444	144010.66666666666	150189	32339.022222222222	108155	45	0.0	0.2222222222222222	0.0	0.4	11585	0.0	524	0.4222222222222222	0.31921728971962615	0.7967289719626168	0.0	21539	2	9	0.018518518518518517	428	Mplus	30	Mplus-30-d20181115-s10-r4-w07	108	2ee88908cffe05025befa486b8460d3540085bee768de0f58d1d9462197d341d	549	W5	6c3e9d73f094d61e1a0514d7909c32d0231afd381198ea5b3b520675153880cf			
Mplus-60	ok	d20181115-s10-r4-w07	Mplus-60-d20181115-s10-r4-w07	status-pass	0.4166666666666667	45	0.24444444444444444	144010.66666666666	150189	32339.022222222222	108155	45	0.0	0.2222222222222222	0.0	0.2222222222222222	11585	0.0	341	0.2222222222222222	0.21904205607476634	0.7967289719626168	0.0	21539	2	9	0.018518518518518517	428	Mplus	60	Mplus-60-d20181115-s10-r4-w07	108	2ee88908cffe05025befa486b8460d3540085bee768de0f58d1d9462197d341d	514	W5	e8c7c6af4c9b9d2dd0ccab02340d21b40a78790255a2080723868ab1f1b3392b			
V-30	ok	d20181115-s10-r4-w07	V-30-d20181115-s10-r4-w07	status-pass	0.4166666666666667	45	0.24444444444444444	144010.66666666666	150189	32339.022222222222	108155	45	0.0	0.2222222222222222	0.0	0.4	11585	0.0	593	0.4888888888888889	0.35309579439252337	0.7967289719626168	0.0	21539	2	9	0.018518518518518517	428	V	30	V-30-d20181115-s10-r4-w07	108	2ee88908cffe05025befa486b8460d3540085bee768de0f58d1d9462197d341d	553	W5	e1640647900c873106e237fe241d85993e9f4c2130e6146fb49e360675b04550	0.4888888888888889		
U	ok	d20181115-s10-r4-w08	U-d20181115-s10-r4-w08	status-pass	0.75	81	0.06172839506172839	159026.0	289173	18465.79012345679	61834	81	0.0	0.06172839506172839	0.0		238861		0	0.0	0.0	0.0	0.0	2778	1	5	0.10377358490566038	678	U		U-d20181115-s10-r4-w08	108	1627349a290178ef8d0f08e2f298f73a1f6e03a2977bc098376bfe0b0dd38c38	1083	W5	251b331eb56fe870e734d651bf6937e95304919ed92967b2f3b0d0b9da1ac346			
C-30	ok	d20181115-s10-r4-w08	C-30-d20181115-s10-r4-w08	status-pass	0.7314814814814815	79	0.02531645569620253	61714.5	61834	10492.405063291139	38758	79	0.0	0.012658227848101266	0.0	0.06329113924050633	0	0.0	0	0.0	0.0	0.0	0.0	9650	2	22	0.05660377358490566	661	C	30	C-30-d20181115-s10-r4-w08	108	1627349a290178ef8d0f08e2f298f73a1f6e03a2977bc098376bfe0b0dd38c38	931	W5	a2f11a3ada0773f9b30b85c56c935058e2e931f13c907f46b2ddfff8c1285f1c		75170	True
Mplus-30	ok	d20181115-s10-r4-w08	Mplus-30-d20181115-s10-r4-w08	status-pass	0.7314814814814815	79	0.02531645569620253	61714.5	61834	10492.405063291139	38758	79	0.0	0.012658227848101266	0.0	0.06329113924050633	0	0.0	182	0.06329113924050633	0.09039334341906202	0.3358547655068079	0.0	9650	2	23	0.05660377358490566	661	Mplus	30	Mplus-30-d20181115-s10-r4-w08	108	1627349a290178ef8d0f08e2f298f73a1f6e03a2977bc098376bfe0b0dd38c38	994	W5	6c3e9d73f094d61e1a0514d7909c32d0231afd381198ea5b3b520675153880cf			
Mplus-60	ok	d20181115-s10-r4-w08	Mplus-60-d20181115-s10-r4-w08	status-pass	0.7314814814814815	79	0.0379746835443038	80110.5	91365	12550.26582278481	44771	79	0.0	0.0379746835443038	0.0	0.0379746835443038	58873	0.0	102	0.0379746835443038	0.049962292609351436	0.30165912518853694	0.0	2778	1	24	0.05660377358490566	663	Mplus	60	Mplus-60-d20181115-s10-r4-w08	108	1627349a290178ef8d0f08e2f298f73a1f6e03a2977bc098376bfe0b0dd38c38	1014	W5	e8c7c6af4c9b9d2dd0ccab02340d21b40a78790255a2080723868ab1f1b3392b			
V-30	ok	d20181115-s10-r4-w08	V-30-d20181115-s10-r4-w08	status-pass	0.7314814814814815	79	0.02531645569620253	61714.5	61834	10492.405063291139	38758	79	0.0	0.012658227848101266	0.0	0.06329113924050633	0	0.0	254	0.10126582278481013	0.1229198184568835	0.5325264750378215	0.0	9650	2	23	0.05660377358490566	661	V	30	V-30-d20181115-s10-r4-w08	108	1627349a290178ef8d0f08e2f298f73a1f6e03a2977bc098376bfe0b0dd38c38	1018	W5	e1640647900c873106e237fe241d85993e9f4c2130e6146fb49e360675b04550	0.10126582278481013		
U	ok	d20181116-s10-r1-w07	U-d20181116-s10-r1-w07	status-pass	0.6203703703703703	67	0.07462686567164178	90851.25	118180	22741.626865671642	58319	67	0.0	0.04477611940298507	0.0		29076		0	0.0	0.0	0.0	0.0	14331	4	0	0.07407407407407407	583	U		U-d20181116-s10-r1-w07	108	0d87d60d7b84a759f1756a0bc2aa5567d62555e012252586b0dbb76430ade187	771	W5	251b331eb56fe870e734d651bf6937e95304919ed92967b2f3b0d0b9da1ac346			
C-30	ok	d20181116-s10-r1-w07	C-30-d20181116-s10-r1-w07	status-pass	0.6203703703703703	67	0.07462686567164178	90851.25	118180	22741.626865671642	58319	67	0.0	0.04477611940298507	0.0	0.3582089552238806	29076	0.0	0	0.0	0.0	0.0	0.0	14331	4	7	0.05555555555555555	583	C	30	C-30-d20181116-s10-r1-w07	108	0d87d60d7b84a759f1756a0bc2aa5567d62555e012252586b0dbb76430ade187	764	W5	a2f11a3ada0773f9b30b85c56c935058e2e931f13c907f46b2ddfff8c1285f1c		139686	True
Mplus-30	ok	d20181116-s10-r1-w07	Mplus-30-d20181116-s10-r1-w07	status-pass	0.6111111111111112	66	0.06060606060606061	88183.75	118180	22650.409090909092	53432	66	0.0	0.030303030303030304	0.0	0.36363636363636365	0	0.0	668	0.36363636363636365	0.32842287694974004	0.8058925476603119	0.0	14331	4	11	0.037037037037037035	577	Mplus	30	Mplus-30-d20181116-s10-r1-w07	108	0d87d60d7b84a759f1756a0bc2aa5567d62555e012252586b0dbb76430ade187	886	W5	6c3e9d73f094d61e1a0514d7909c32d0231afd381198ea5b3b520675153880cf			
Mplus-60	ok	d20181116-s10-r1-w07	Mplus-60-d20181116-s10-r1-w07	status-pass	0.6111111111111112	66	0.06060606060606061	88183.75	118180	22650.409090909092	53432	66	0.0	0.030303030303030304	0.0	0.030303030303030304	0	0.0	81	0.030303030303030304	0.04181109185441941	0.3379549393414211	0.0	14331	4	9	0.046296296296296294	577	Mplus	60	Mplus-60-d20181116-s10-r1-w07	108	0d87d60d7b84a759f1756a0bc2aa5567d62555e012252586b0dbb76430ade187	772	W5	e8c7c6af4c9b9d2dd0ccab02340d21b40a78790255a2080723868ab1f1b3392b			
V-30	ok	d20181116-s10-r1-w07	V-30-d20181116-s10-r1-w07	status-pass	0.6111111111111112	66	0.06060606060606061	88183.75	118180	22650.409090909092	53432	66	0.0	0.030303030303030304	0.0	0.36363636363636365	0	0.0	722	0.42424242424242425	0.35420277296360486	0.8058925476603119	0.0	14331	4	11	0.037037037037037035	577	V	30	V-30-d20181116-s10-r1-w07	108	0d87d60d7b84a759f1756a0bc2aa5567d62555e012252586b0dbb76430ade187	888	W5	e1640647900c873106e237fe241d85993e9f4c2130e6146fb49e360675b04550	0.42424242424242425		
U	ok	d20181116-s10-r1-w08	U-d20181116-s10-r1-w08	status-pass	0.7407407407407407	80	0.025	93805.0	176882	11243.4375	43472	80	0.0	0.025	0.0		156549		0	0.0	0.0	0.0	0.0	18175	3	2	0.03773584905660377	671	U		U-d20181116-s10-r1-w08	108	b9a9ba9e2f54769584bc3da2731ad0cb0474c6d3d278025d6e47dfa959c983a4	881	W5	251b331eb56fe870e734d651bf6937e95304919ed92967b2f3b0d0b9da1ac346			
C-30	ok	d20181116-s10-r1-w08	C-30-d20181116-s10-r1-w08	status-pass	0.75	81	0.012345679012345678	52227.6	76033	8880.444444444445	31681	81	0.0	0.012345679012345678	0.0	0.06172839506172839	10803	0.0	0	0.0	0.0	0.0	0.0	18175	2	12	0.04716981132075472	676	C	30	C-30-d20181116-s10-r1-w08	108	b9a9ba9e2f54769584bc3da2731ad0cb0474c6d3d278025d6e47dfa959c983a4	886	W5	a2f11a3ada0773f9b30b85c56c935058e2e931f13c907f46b2ddfff8c1285f1c		90595	True
Mplus-30	ok	d20181116-s10-r1-w08	Mplus-30-d20181116-s10-r1-w08	status-pass	0.75	81	0.012345679012345678	52227.6	76033	8880.444444444445	31681	81	0.0	0.012345679012345678	0.0	0.06172839506172839	10803	0.0	141	0.06172839506172839	0.0673076923076923	0.386094674556213	0.0	18175	2	12	0.04716981132075472	676	Mplus	30	Mplus-30-d20181116-s10-r1-w08	108	b9a9ba9e2f54769584bc3da2731ad0cb0474c6d3d278025d6e47dfa959c983a4	933	W5	6c3e9d73f094d61e1a0514d7909c32d0231afd381198ea5b3b520675153880cf			
Mplus-60	ok	d20181116-s10-r1-w08	Mplus-60-d20181116-s10-r1-w08	status-pass	0.75	81	0.012345679012345678	52227.6	76033	8880.444444444445	31681	81	0.0	0.012345679012345678	0.0	0.012345679012345678	10803	0.0	24	0.012345679012345678	0.011279585798816568	0.09171597633136094	0.0	18175	2	12	0.04716981132075472	676	Mplus	60	Mplus-60-d20181116-s10-r1-w08	108	b9a9ba9e2f54769584bc3da2731ad0cb0474c6d3d278025d6e47dfa959c983a4	905	W5	e8c7c6af4c9b9d2dd0ccab02340d21b40a78790255a2080723868ab1f1b3392b			
V-30	ok	d20181116-s10-r1-w08	V-30-d20181116-s10-r1-w08	status-pass	0.75	81	0.012345679012345678	52227.6	76033	8880.444444444445	31681	81	0.0	0.012345679012345678	0.0	0.06172839506172839	10803	0.0	217	0.13580246913580246	0.10188609467455621	0.5502958579881657	0.0	18175	2	12	0.04716981132075472	676	V	30	V-30-d20181116-s10-r1-w08	108	b9a9ba9e2f54769584bc3da2731ad0cb0474c6d3d278025d6e47dfa959c983a4	946	W5	e1640647900c873106e237fe241d85993e9f4c2130e6146fb49e360675b04550	0.13580246913580246		
U	ok	d20181116-s10-r1-w17	U-d20181116-s10-r1-w17	status-pass	0.8703703703703703	94	0.05319148936170213	146687.4	181715	7940.148936170212	75338	94	0.0	0.05319148936170213	0.0		183084		0	0.0	0.0	0.0	0.0	0	0	4	0.1792452830188679	759	U		U-d20181116-s10-r1-w17	108	33fccee4fe58add737c2e7283d2870fc8b49c54755d1b593b0c051305c3faf69	1254	W5	251b331eb56fe870e734d651bf6937e95304919ed92967b2f3b0d0b9da1ac346			
C-30	ok	d20181116-s10-r1-w17	C-30-d20181116-s10-r1-w17	status-pass	0.8055555555555556	87	0.0	29503.8	15275	343.9655172413793	11388	87	0.0	0.0	0.0	0.0	12538	0.0	0	0.0	0.0	0.0	0.0	0	0	49	0.0660377358490566	713	C	30	C-30-d20181116-s10-r1-w17	108	33fccee4fe58add737c2e7283d2870fc8b49c54755d1b593b0c051305c3faf69	1079	W5	a2f11a3ada0773f9b30b85c56c935058e2e931f13c907f46b2ddfff8c1285f1c		41741	True
Mplus-30	ok	d20181116-s10-r1-w17	Mplus-30-d20181116-s10-r1-w17	status-pass	0.8055555555555556	87	0.0	29503.8	15275	343.9655172413793	11388	87	0.0	0.0	0.0	0.0	12538	0.0	0	0.0	0.0	0.0	0.0	0	0	50	0.0660377358490566	713	Mplus	30	Mplus-30-d20181116-s10-r1-w17	108	33fccee4fe58add737c2e7283d2870fc8b49c54755d1b593b0c051305c3faf69	1057	W5	6c3e9d73f094d61e1a0514d7909c32d0231afd381198ea5b3b520675153880cf			
Mplus-60	ok	d20181116-s10-r1-w17	Mplus-60-d20181116-s10-r1-w17	status-pass	0.8148148148148148	88	0.0	35735.4	48183	898.4772727272727	11439	88	0.0	0.0	0.0	0.0	44339	0.0	0	0.0	0.0	0.0	0.0	0	0	47	0.0660377358490566	720	Mplus	60	Mplus-60-d20181116-s10-r1-w17	108	33fccee4fe58add737c2e7283d2870fc8b49c54755d1b593b0c051305c3faf69	1076	W5	e8c7c6af4c9b9d2dd0ccab02340d21b40a78790255a2080723868ab1f1b3392b			
V-30	ok	d20181116-s10-r1-w17	V-30-d20181116-s10-r1-w17	status-pass	0.8055555555555556	87	0.0	29503.8	15275	343.9655172413793	11388	87	0.0	0.0	0.0	0.0	12538	0.0	18	0.022988505747126436	0.007889200561009817	0.06311360448807854	0.0	0	0	50	0.0660377358490566	713	V	30	V-30-d20181116-s10-r1-w17	108	33fccee4fe58add737c2e7283d2870fc8b49c54755d1b593b0c051305c3faf69	1055	W5	e1640647900c873106e237fe241d85993e9f4c2130e6146fb49e360675b04550	0.022988505747126436		
U	ok	d20181116-s10-r2-w07	U-d20181116-s10-r2-w07	status-pass	0.6018518518518519	65	0.12307692307692308	128448.75	184179	26606.523076923077	72620	65	0.0	0.1076923076923077	0.0		108636		0	0.0	0.0	0.0	0.0	14911	4	5	0.10377358490566038	559	U		U-d20181116-s10-r2-w07	108	f263b91c29dcbc5bae3d79ac2fa3d00ab60c4c74f17c8bd1b3322cca198917e7	670	W5	251b331eb56fe870e734d651bf6937e95304919ed92967b2f3b0d0b9da1ac346			
C-30	ok	d20181116-s10-r2-w07	C-30-d20181116-s10-r2-w07	status-pass	0.5740740740740741	62	0.11290322580645161	115235.5	184179	25221.40322580645	64154	62	0.0	0.0967741935483871	0.0	0.3225806451612903	29077	0.0	0	0.0	0.0	0.0	0.0	8625	2	14	0.07547169811320754	538	C	30	C-30-d20181116-s10-r2-w07	108	f263b91c29dcbc5bae3d79ac2fa3d00ab60c4c74f17c8bd1b3322cca198917e7	625	W5	a2f11a3ada0773f9b30b85c56c935058e2e931f13c907f46b2ddfff8c1285f1c		216005	True
Mplus-30	ok	d20181116-s10-r2-w07	Mplus-30-d20181116-s10-r2-w07	status-pass	0.5740740740740741	62	0.0967741935483871	113203.5	184179	24308.274193548386	61021	62	0.0	0.08064516129032258	0.0	0.2903225806451613	20873	0.0	503	0.2903225806451613	0.24512081784386616	0.6561338289962825	0.0	8625	2	15	0.07547169811320754	538	Mplus	30	Mplus-30-d20181116-s10-r2-w07	108	f263b91c29dcbc5bae3d79ac2fa3d00ab60c4c74f17c8bd1b3322cca198917e7	718	W5	6c3e9d73f094d61e1a0514d7909c32d0231afd381198ea5b3b520675153880cf			
Mplus-60	ok	d20181116-s10-r2-w07	Mplus-60-d20181116-s10-r2-w07	status-pass	0.5740740740740741	62	0.0967741935483871	113203.5	184179	24308.274193548386	61021	62	0.0	0.08064516129032258	0.0	0.08064516129032258	20873	0.0	157	0.08064516129032258	0.08387546468401487	0.5427509293680297	0.0	8625	2	14	0.07547169811320754	538	Mplus	60	Mplus-60-d20181116-s10-r2-w07	108	f263b91c29dcbc5bae3d79ac2fa3d00ab60c4c74f17c8bd1b3322cca198917e7	657	W5	e8c7c6af4c9b9d2dd0ccab02340d21b40a78790255a2080723868ab1f1b3392b			
V-30	ok	d20181116-s10-r2-w07	V-30-d20181116-s10-r2-w07	status-pass	0.5740740740740741	62	0.0967741935483871	113203.5	184179	24308.274193548386	61021	62	0.0	0.08064516129032258	0.0	0.2903225806451613	20873	0.0	564	0.3709677419354839	0.2757899628252788	0.7286245353159851	0.0	8625	2	15	0.07547169811320754	538	V	30	V-30-d20181116-s10-r2-w07	108	f263b91c29dcbc5bae3d79ac2fa3d00ab60c4c74f17c8bd1b3322cca198917e7	723	W5	e1640647900c873106e237fe241d85993e9f4c2130e6146fb49e360675b04550	0.3709677419354839		
U	ok	d20181116-s10-r2-w08	U-d20181116-s10-r2-w08	status-pass	0.6944444444444444	75	0.12	192081.25	251526	22897.8	127786	75	0.0	0.10666666666666667	0.0		203815		0	0.0	0.0	0.0	0.0	16730	2	3	0.11214953271028037	632	U		U-d20181116-s10-r2-w08	108	6ca11997e1fc1d010d26ad368f0a619a26f5b9f4c0676f9ee7a3d94836b5942a	805	W5	251b331eb56fe870e734d651bf6937e95304919ed92967b2f3b0d0b9da1ac346			
C-30	ok	d20181116-s10-r2-w08	C-30-d20181116-s10-r2-w08	status-pass	0.6481481481481481	70	0.04285714285714286	80582.5	96675	10240.757142857143	41757	70	0.0	0.014285714285714285	0.0	0.11428571428571428	0	0.0	0	0.0	0.0	0.0	0.0	16730	2	20	0.05555555555555555	600	C	30	C-30-d20181116-s10-r2-w08	108	6ca11997e1fc1d010d26ad368f0a619a26f5b9f4c0676f9ee7a3d94836b5942a	712	W5	a2f11a3ada0773f9b30b85c56c935058e2e931f13c907f46b2ddfff8c1285f1c		142765	True
Mplus-30	ok	d20181116-s10-r2-w08	Mplus-30-d20181116-s10-r2-w08	status-pass	0.6481481481481481	70	0.04285714285714286	80582.5	96675	10240.757142857143	41757	70	0.0	0.014285714285714285	0.0	0.11428571428571428	0	0.0	272	0.11428571428571428	0.12520833333333334	0.49333333333333335	0.0	16730	2	20	0.05555555555555555	600	Mplus	30	Mplus-30-d20181116-s10-r2-w08	108	6ca11997e1fc1d010d26ad368f0a619a26f5b9f4c0676f9ee7a3d94836b5942a	757	W5	6c3e9d73f094d61e1a0514d7909c32d0231afd381198ea5b3b520675153880cf			
Mplus-60	ok	d20181116-s10-r2-w08	Mplus-60-d20181116-s10-r2-w08	status-pass	0.6481481481481481	70	0.04285714285714286	80582.5	96675	10240.757142857143	41757	70	0.0	0.014285714285714285	0.0	0.014285714285714285	0	0.0	73	0.014285714285714285	0.03270833333333333	0.26166666666666666	0.0	16730	2	20	0.05555555555555555	600	Mplus	60	Mplus-60-d20181116-s10-r2-w08	108	6ca11997e1fc1d010d26ad368f0a619a26f5b9f4c0676f9ee7a3d94836b5942a	714	W5	e8c7c6af4c9b9d2dd0ccab02340d21b40a78790255a2080723868ab1f1b3392b			
V-30	ok	d20181116-s10-r2-w08	V-30-d20181116-s10-r2-w08	status-pass	0.6481481481481481	70	0.04285714285714286	80582.5	96675	10240.757142857143	41757	70	0.0	0.014285714285714285	0.0	0.11428571428571428	0	0.0	282	0.14285714285714285	0.12916666666666668	0.505	0.0	16730	2	20	0.05555555555555555	600	V	30	V-30-d20181116-s10-r2-w08	108	6ca11997e1fc1d010d26ad368f0a619a26f5b9f4c0676f9ee7a3d94836b5942a	760	W5	e1640647900c873106e237fe241d85993e9f4c2130e6146fb49e360675b04550	0.14285714285714285		
U	ok	d20181116-s10-r2-w17	U-d20181116-s10-r2-w17	status-pass	0.8333333333333334	90	0.08888888888888889	244381.4	265013	16707.066666666666	172539	90	0.0	0.08888888888888889	0.0		258641		0	0.0	0.0	0.0	0.0	0	0	12	0.19811320754716982	736	U		U-d20181116-s10-r2-w17	108	03ee3ca2e94ff01182c1d3ac5f1e337de0edc4301055f083fa29abed072749e7	1019	W5	251b331eb56fe870e734d651bf6937e95304919ed92967b2f3b0d0b9da1ac346			
C-30	ok	d20181116-s10-r2-w17	C-30-d20181116-s10-r2-w17	status-pass	0.7592592592592593	82	0.0	25256.0	14618	-1358.2439024390244	7290	82	0.0	0.0	0.0	0.0	0	0.0	0	0.0	0.0	0.0	0.0	0	0	43	0.05660377358490566	681	C	30	C-30-d20181116-s10-r2-w17	108	03ee3ca2e94ff01182c1d3ac5f1e337de0edc4301055f083fa29abed072749e7	873	W5	a2f11a3ada0773f9b30b85c56c935058e2e931f13c907f46b2ddfff8c1285f1c		33301	True
Mplus-30	ok	d20181116-s10-r2-w17	Mplus-30-d20181116-s10-r2-w17	status-pass	0.7592592592592593	82	0.0	25256.0	14618	-1358.2439024390244	7290	82	0.0	0.0	0.0	0.0	0	0.0	0	0.0	0.0	0.0	0.0	0	0	43	0.05660377358490566	681	Mplus	30	Mplus-30-d20181116-s10-r2-w17	108	03ee3ca2e94ff01182c1d3ac5f1e337de0edc4301055f083fa29abed072749e7	869	W5	6c3e9d73f094d61e1a0514d7909c32d0231afd381198ea5b3b520675153880cf			
Mplus-60	ok	d20181116-s10-r2-w17	Mplus-60-d20181116-s10-r2-w17	status-pass	0.7592592592592593	82	0.0	25256.0	14618	-1358.2439024390244	7290	82	0.0	0.0	0.0	0.0	0	0.0	0	0.0	0.0	0.0	0.0	0	0	38	0.0660377358490566	681	Mplus	60	Mplus-60-d20181116-s10-r2-w17	108	03ee3ca2e94ff01182c1d3ac5f1e337de0edc4301055f083fa29abed072749e7	864	W5	e8c7c6af4c9b9d2dd0ccab02340d21b40a78790255a2080723868ab1f1b3392b			
V-30	ok	d20181116-s10-r2-w17	V-30-d20181116-s10-r2-w17	status-pass	0.7592592592592593	82	0.0	25256.0	14618	-1358.2439024390244	7290	82	0.0	0.0	0.0	0.0	0	0.0	7	0.012195121951219513	0.0023861967694566812	0.01908957415565345	0.0	0	0	43	0.05660377358490566	681	V	30	V-30-d20181116-s10-r2-w17	108	03ee3ca2e94ff01182c1d3ac5f1e337de0edc4301055f083fa29abed072749e7	859	W5	e1640647900c873106e237fe241d85993e9f4c2130e6146fb49e360675b04550	0.012195121951219513		
U	ok	d20181116-s10-r4-w07	U-d20181116-s10-r4-w07	status-pass	0.6296296296296297	68	0.11764705882352941	117977.5	151901	23331.514705882353	64879	68	0.0	0.07352941176470588	0.0		2716		0	0.0	0.0	0.0	0.0	9621	2	4	0.04672897196261682	590	U		U-d20181116-s10-r4-w07	108	cc0dc1bf1d2fca256c9f96ac4cc255f72582ccbc37e3752c29e303feb814420f	770	W5	251b331eb56fe870e734d651bf6937e95304919ed92967b2f3b0d0b9da1ac346			
C-30	ok	d20181116-s10-r4-w07	C-30-d20181116-s10-r4-w07	status-pass	0.6296296296296297	68	0.11764705882352941	117977.5	151901	23331.514705882353	64879	68	0.0	0.07352941176470588	0.0	0.3382352941176471	2716	0.0	0	0.0	0.0	0.0	0.0	9621	2	9	0.037383177570093455	590	C	30	C-30-d20181116-s10-r4-w07	108	cc0dc1bf1d2fca256c9f96ac4cc255f72582ccbc37e3752c29e303feb814420f	772	W5	a2f11a3ada0773f9b30b85c56c935058e2e931f13c907f46b2ddfff8c1285f1c		192261	True
Mplus-30	ok	d20181116-s10-r4-w07	Mplus-30-d20181116-s10-r4-w07	status-pass	0.6203703703703703	67	0.11940298507462686	118548.5	151901	23492.328358208953	64879	67	0.0	0.07462686567164178	0.0	0.34328358208955223	0	0.0	690	0.34328358208955223	0.3394691780821918	0.8253424657534246	0.0	9621	2	11	0.028037383177570093	584	Mplus	30	Mplus-30-d20181116-s10-r4-w07	108	cc0dc1bf1d2fca256c9f96ac4cc255f72582ccbc37e3752c29e303feb814420f	888	W5	6c3e9d73f094d61e1a0514d7909c32d0231afd381198ea5b3b520675153880cf			
Mplus-60	ok	d20181116-s10-r4-w07	Mplus-60-d20181116-s10-r4-w07	status-pass	0.6203703703703703	67	0.11940298507462686	118548.5	151901	23492.328358208953	64879	67	0.0	0.07462686567164178	0.0	0.07462686567164178	0	0.0	191	0.07462686567164178	0.0954623287671233	0.4554794520547945	0.0	9621	2	10	0.028037383177570093	584	Mplus	60	Mplus-60-d20181116-s10-r4-w07	108	cc0dc1bf1d2fca256c9f96ac4cc255f72582ccbc37e3752c29e303feb814420f	796	W5	e8c7c6af4c9b9d2dd0ccab02340d21b40a78790255a2080723868ab1f1b3392b			
V-30	ok	d20181116-s10-r4-w07	V-30-d20181116-s10-r4-w07	status-pass	0.6203703703703703	67	0.11940298507462686	118548.5	151901	23492.328358208953	64879	67	0.0	0.07462686567164178	0.0	0.34328358208955223	0	0.0	709	0.373134328358209	0.3501712328767123	0.8253424657534246	0.0	9621	2	11	0.028037383177570093	584	V	30	V-30-d20181116-s10-r4-w07	108	cc0dc1bf1d2fca256c9f96ac4cc255f72582ccbc37e3752c29e303feb814420f	885	W5	e1640647900c873106e237fe241d85993e9f4c2130e6146fb49e360675b04550	0.373134328358209		
U	ok	d20181116-s10-r4-w08	U-d20181116-s10-r4-w08	status-pass	0.6851851851851852	74	0.0945945945945946	206516.5	192562	21951.837837837837	98361	74	0.0	0.08108108108108109	0.0		189081		0	0.0	0.0	0.0	0.0	0	0	3	0.05555555555555555	631	U		U-d20181116-s10-r4-w08	108	1c110fbb275732413db47803fdde9ddd9b855b0478e9a3cc6b7b10ff8a1d79a0	797	W5	251b331eb56fe870e734d651bf6937e95304919ed92967b2f3b0d0b9da1ac346			
C-30	ok	d20181116-s10-r4-w08	C-30-d20181116-s10-r4-w08	status-pass	0.6388888888888888	69	0.043478260869565216	82153.5	85993	12436.057971014492	43989	69	0.0	0.014492753623188406	0.0	0.13043478260869565	0	0.0	0	0.0	0.0	0.0	0.0	0	0	20	0.018518518518518517	599	C	30	C-30-d20181116-s10-r4-w08	108	1c110fbb275732413db47803fdde9ddd9b855b0478e9a3cc6b7b10ff8a1d79a0	737	W5	a2f11a3ada0773f9b30b85c56c935058e2e931f13c907f46b2ddfff8c1285f1c		107319	True
Mplus-30	ok	d20181116-s10-r4-w08	Mplus-30-d20181116-s10-r4-w08	status-pass	0.6388888888888888	69	0.043478260869565216	82153.5	85993	12436.057971014492	43989	69	0.0	0.014492753623188406	0.0	0.13043478260869565	0	0.0	295	0.15942028985507245	0.1456594323873122	0.7679465776293823	0.0	0	0	20	0.018518518518518517	599	Mplus	30	Mplus-30-d20181116-s10-r4-w08	108	1c110fbb275732413db47803fdde9ddd9b855b0478e9a3cc6b7b10ff8a1d79a0	801	W5	6c3e9d73f094d61e1a0514d7909c32d0231afd381198ea5b3b520675153880cf			
Mplus-60	ok	d20181116-s10-r4-w08	Mplus-60-d20181116-s10-r4-w08	status-pass	0.6481481481481481	70	0.05714285714285714	91294.75	86462	13132.985714285714	47203	70	0.0	0.02857142857142857	0.0	0.02857142857142857	44938	0.0	78	0.02857142857142857	0.037953795379537955	0.30363036303630364	0.0	6925	1	19	0.018518518518518517	606	Mplus	60	Mplus-60-d20181116-s10-r4-w08	108	1c110fbb275732413db47803fdde9ddd9b855b0478e9a3cc6b7b10ff8a1d79a0	765	W5	e8c7c6af4c9b9d2dd0ccab02340d21b40a78790255a2080723868ab1f1b3392b			
V-30	ok	d20181116-s10-r4-w08	V-30-d20181116-s10-r4-w08	status-pass	0.6388888888888888	69	0.043478260869565216	82153.5	85993	12436.057971014492	43989	69	0.0	0.014492753623188406	0.0	0.13043478260869565	0	0.0	436	0.2608695652173913	0.21348080133555927	0.8831385642737897	0.0	0	0	20	0.018518518518518517	599	V	30	V-30-d20181116-s10-r4-w08	108	1c110fbb275732413db47803fdde9ddd9b855b0478e9a3cc6b7b10ff8a1d79a0	820	W5	e1640647900c873106e237fe241d85993e9f4c2130e6146fb49e360675b04550	0.2608695652173913		
U	ok	d20181116-s10-r4-w17	U-d20181116-s10-r4-w17	status-pass	0.6111111111111112	66	0.12121212121212122	453700.5	605882	35930.59090909091	245672	66	0.045454545454545456	0.12121212121212122	0.0		554806		0	0.0	0.0	0.0	0.0	4576	1	7	0.14285714285714285	573	U		U-d20181116-s10-r4-w17	108	8b995755b1378f49d88d021ffa291f45aadbc7fe80d530c7d83d3ecbcbdddd67	789	W5	251b331eb56fe870e734d651bf6937e95304919ed92967b2f3b0d0b9da1ac346			
C-30	ok	d20181116-s10-r4-w17	C-30-d20181116-s10-r4-w17	status-pass	0.6481481481481481	70	0.0	49165.25	33991	2209.3714285714286	20572	70	0.0	0.0	0.0	0.014285714285714285	27973	0.0	0	0.0	0.0	0.0	0.0	4576	1	60	0.05714285714285714	598	C	30	C-30-d20181116-s10-r4-w17	108	8b995755b1378f49d88d021ffa291f45aadbc7fe80d530c7d83d3ecbcbdddd67	778	W5	a2f11a3ada0773f9b30b85c56c935058e2e931f13c907f46b2ddfff8c1285f1c		58543	True
Mplus-30	ok	d20181116-s10-r4-w17	Mplus-30-d20181116-s10-r4-w17	status-pass	0.6481481481481481	70	0.0	49165.25	33991	2209.3714285714286	20572	70	0.0	0.0	0.0	0.014285714285714285	27973	0.0	47	0.014285714285714285	0.023620401337792644	0.19063545150501673	0.0	4576	1	60	0.05714285714285714	598	Mplus	30	Mplus-30-d20181116-s10-r4-w17	108	8b995755b1378f49d88d021ffa291f45aadbc7fe80d530c7d83d3ecbcbdddd67	793	W5	6c3e9d73f094d61e1a0514d7909c32d0231afd381198ea5b3b520675153880cf			
Mplus-60	ok	d20181116-s10-r4-w17	Mplus-60-d20181116-s10-r4-w17	status-pass	0.6481481481481481	70	0.014285714285714285	60916.75	83798	2523.6857142857143	20773	70	0.0	0.014285714285714285	0.0	0.014285714285714285	57221	0.0	38	0.014285714285714285	0.019021739130434784	0.15384615384615385	0.0	4576	1	54	0.05714285714285714	598	Mplus	60	Mplus-60-d20181116-s10-r4-w17	108	8b995755b1378f49d88d021ffa291f45aadbc7fe80d530c7d83d3ecbcbdddd67	807	W5	e8c7c6af4c9b9d2dd0ccab02340d21b40a78790255a2080723868ab1f1b3392b			
V-30	ok	d20181116-s10-r4-w17	V-30-d20181116-s10-r4-w17	status-pass	0.6481481481481481	70	0.0	47626.0	33991	1913.8714285714286	20572	70	0.0	0.0	0.0	0.014285714285714285	17242	0.0	126	0.07142857142857142	0.061872909698996656	0.40468227424749165	0.0	4576	1	61	0.05714285714285714	598	V	30	V-30-d20181116-s10-r4-w17	108	8b995755b1378f49d88d021ffa291f45aadbc7fe80d530c7d83d3ecbcbdddd67	818	W5	e1640647900c873106e237fe241d85993e9f4c2130e6146fb49e360675b04550	0.07142857142857142		
U	ok	d20181117-s10-r1-w08	U-d20181117-s10-r1-w08	status-pass	0.5833333333333334	63	0.06349206349206349	192056.5	317282	22480	59384	63	0.015873015873015872	0.047619047619047616	0.0		248217		0	0.0	0.0	0.0	0.0	0	0	2	0.102803738317757	549	U		U-d20181117-s10-r1-w08	108	d3d7e442b2d033833bef91ea6eac3e8df4f10d9b6853a55f46701f830704ae80	684	W5	251b331eb56fe870e734d651bf6937e95304919ed92967b2f3b0d0b9da1ac346			
C-30	ok	d20181117-s10-r1-w08	C-30-d20181117-s10-r1-w08	status-pass	0.5740740740740741	62	0.03225806451612903	72145.75	85043	13585.951612903225	40985	62	0.0	0.016129032258064516	0.0	0.06451612903225806	2910	0.0	0	0.0	0.0	0.0	0.0	0	0	16	0.06542056074766354	541	C	30	C-30-d20181117-s10-r1-w08	108	d3d7e442b2d033833bef91ea6eac3e8df4f10d9b6853a55f46701f830704ae80	647	W5	a2f11a3ada0773f9b30b85c56c935058e2e931f13c907f46b2ddfff8c1285f1c		113247	True
Mplus-30	ok	d20181117-s10-r1-w08	Mplus-30-d20181117-s10-r1-w08	status-pass	0.5740740740740741	62	0.03225806451612903	72145.75	85043	13585.951612903225	40985	62	0.0	0.016129032258064516	0.0	0.06451612903225806	2910	0.0	176	0.06451612903225806	0.09542513863216266	0.5988909426987061	0.0	0	0	16	0.06542056074766354	541	Mplus	30	Mplus-30-d20181117-s10-r1-w08	108	d3d7e442b2d033833bef91ea6eac3e8df4f10d9b6853a55f46701f830704ae80	678	W5	6c3e9d73f094d61e1a0514d7909c32d0231afd381198ea5b3b520675153880cf			
Mplus-60	ok	d20181117-s10-r1-w08	Mplus-60-d20181117-s10-r1-w08	status-pass	0.5740740740740741	62	0.03225806451612903	72145.75	85043	13585.951612903225	40985	62	0.0	0.016129032258064516	0.0	0.016129032258064516	2910	0.0	59	0.03225806451612903	0.031423290203327174	0.24214417744916822	0.0	0	0	16	0.06542056074766354	541	Mplus	60	Mplus-60-d20181117-s10-r1-w08	108	d3d7e442b2d033833bef91ea6eac3e8df4f10d9b6853a55f46701f830704ae80	664	W5	e8c7c6af4c9b9d2dd0ccab02340d21b40a78790255a2080723868ab1f1b3392b			
V-30	ok	d20181117-s10-r1-w08	V-30-d20181117-s10-r1-w08	status-pass	0.5740740740740741	62	0.03225806451612903	72145.75	85043	13585.951612903225	40985	62	0.0	0.016129032258064516	0.0	0.06451612903225806	2910	0.0	240	0.12903225806451613	0.12823475046210722	0.6802218114602587	0.0	0	0	16	0.06542056074766354	541	V	30	V-30-d20181117-s10-r1-w08	108	d3d7e442b2d033833bef91ea6eac3e8df4f10d9b6853a55f46701f830704ae80	679	W5	e1640647900c873106e237fe241d85993e9f4c2130e6146fb49e360675b04550	0.12903225806451613		
U	ok	d20181117-s10-r1-w17	U-d20181117-s10-r1-w17	status-pass	0.6388888888888888	69	0.07246376811594203	167096.75	266315	14593.652173913044	77748	69	0.0	0.07246376811594203	0.0		245884		0	0.0	0.0	0.0	0.0	0	0	6	0.17592592592592593	591	U		U-d20181117-s10-r1-w17	108	a1f74862437ef5c855d637357d35aa028441ff5fb068eea00bd5c184b3344c94	741	W5	251b331eb56fe870e734d651bf6937e95304919ed92967b2f3b0d0b9da1ac346			
C-30	ok	d20181117-s10-r1-w17	C-30-d20181117-s10-r1-w17	status-pass	0.5833333333333334	63	0.0	33008.25	31985	4254.730158730159	21081	63	0.0	0.0	0.0	0.015873015873015872	29239	0.0	0	0.0	0.0	0.0	0.0	0	0	44	0.08333333333333333	548	C	30	C-30-d20181117-s10-r1-w17	108	a1f74862437ef5c855d637357d35aa028441ff5fb068eea00bd5c184b3344c94	641	W5	a2f11a3ada0773f9b30b85c56c935058e2e931f13c907f46b2ddfff8c1285f1c		35011	True
Mplus-30	ok	d20181117-s10-r1-w17	Mplus-30-d20181117-s10-r1-w17	status-pass	0.5833333333333334	63	0.0	33008.25	31985	4254.730158730159	21081	63	0.0	0.0	0.0	0.015873015873015872	29239	0.0	15	0.015873015873015872	0.00843978102189781	0.06751824817518248	0.0	0	0	44	0.08333333333333333	548	Mplus	30	Mplus-30-d20181117-s10-r1-w17	108	a1f74862437ef5c855d637357d35aa028441ff5fb068eea00bd5c184b3344c94	650	W5	6c3e9d73f094d61e1a0514d7909c32d0231afd381198ea5b3b520675153880cf			
Mplus-60	ok	d20181117-s10-r1-w17	Mplus-60-d20181117-s10-r1-w17	status-pass	0.5833333333333334	63	0.0	33008.25	31985	4254.730158730159	21081	63	0.0	0.0	0.0	0.0	29239	0.0	0	0.0	0.0	0.0	0.0	0	0	44	0.08333333333333333	548	Mplus	60	Mplus-60-d20181117-s10-r1-w17	108	a1f74862437ef5c855d637357d35aa028441ff5fb068eea00bd5c184b3344c94	644	W5	e8c7c6af4c9b9d2dd0ccab02340d21b40a78790255a2080723868ab1f1b3392b			
V-30	ok	d20181117-s10-r1-w17	V-30-d20181117-s10-r1-w17	status-pass	0.5740740740740741	62	0.0	29659.0	31145	3851.0967741935483	19457	62	0.0	0.0	0.0	0.016129032258064516	17069	0.0	18	0.03225806451612903	0.010608856088560886	0.08487084870848709	0.0	0	0	47	0.08333333333333333	542	V	30	V-30-d20181117-s10-r1-w17	108	a1f74862437ef5c855d637357d35aa028441ff5fb068eea00bd5c184b3344c94	629	W5	e1640647900c873106e237fe241d85993e9f4c2130e6146fb49e360675b04550	0.03225806451612903		
U	ok	d20181117-s10-r2-w08	U-d20181117-s10-r2-w08	status-pass	0.6666666666666666	72	0.05555555555555555	140823.0	219429	17271.833333333332	46918	72	0.0	0.027777777777777776	0.0		194902		0	0.0	0.0	0.0	0.0	5937	3	6	0.06542056074766354	617	U		U-d20181117-s10-r2-w08	108	e6b4c59b6e552203a7d2c66f6f82483879743b4f7e7991f3339f9364aefa0714	819	W5	251b331eb56fe870e734d651bf6937e95304919ed92967b2f3b0d0b9da1ac346			
C-30	ok	d20181117-s10-r2-w08	C-30-d20181117-s10-r2-w08	status-pass	0.6851851851851852	74	0.02702702702702703	62390.5	48283	11427.675675675675	35620	74	0.0	0.0	0.0	0.06756756756756757	0	0.0	0	0.0	0.0	0.0	0.0	5937	3	20	0.09345794392523364	627	C	30	C-30-d20181117-s10-r2-w08	108	e6b4c59b6e552203a7d2c66f6f82483879743b4f7e7991f3339f9364aefa0714	835	W5	a2f11a3ada0773f9b30b85c56c935058e2e931f13c907f46b2ddfff8c1285f1c		77305	True
Mplus-30	ok	d20181117-s10-r2-w08	Mplus-30-d20181117-s10-r2-w08	status-pass	0.6851851851851852	74	0.02702702702702703	62390.5	48283	11427.675675675675	35620	74	0.0	0.0	0.0	0.06756756756756757	0	0.0	161	0.06756756756756757	0.07555821371610845	0.49920255183413076	0.0	5937	3	21	0.09345794392523364	627	Mplus	30	Mplus-30-d20181117-s10-r2-w08	108	e6b4c59b6e552203a7d2c66f6f82483879743b4f7e7991f3339f9364aefa0714	881	W5	6c3e9d73f094d61e1a0514d7909c32d0231afd381198ea5b3b520675153880cf			
Mplus-60	ok	d20181117-s10-r2-w08	Mplus-60-d20181117-s10-r2-w08	status-pass	0.6851851851851852	74	0.04054054054054054	71288.0	72880	12752.716216216217	41111	74	0.0	0.013513513513513514	0.0	0.013513513513513514	58192	0.0	28	0.013513513513513514	0.012958532695374801	0.10366826156299841	0.0	5937	3	19	0.09345794392523364	627	Mplus	60	Mplus-60-d20181117-s10-r2-w08	108	e6b4c59b6e552203a7d2c66f6f82483879743b4f7e7991f3339f9364aefa0714	845	W5	e8c7c6af4c9b9d2dd0ccab02340d21b40a78790255a2080723868ab1f1b3392b			
V-30	ok	d20181117-s10-r2-w08	V-30-d20181117-s10-r2-w08	status-pass	0.6851851851851852	74	0.02702702702702703	62390.5	48283	11427.675675675675	35620	74	0.0	0.0	0.0	0.06756756756756757	0	0.0	291	0.13513513513513514	0.13516746411483255	0.7814992025518341	0.0	5937	3	21	0.09345794392523364	627	V	30	V-30-d20181117-s10-r2-w08	108	e6b4c59b6e552203a7d2c66f6f82483879743b4f7e7991f3339f9364aefa0714	879	W5	e1640647900c873106e237fe241d85993e9f4c2130e6146fb49e360675b04550	0.13513513513513514		
U	ok	d20181117-s10-r2-w17	U-d20181117-s10-r2-w17	status-pass	0.7222222222222222	78	0.1282051282051282	326108.0	479750	27579.666666666668	190009	78	0.02564102564102564	0.11538461538461539	0.0		427182		0	0.0	0.0	0.0	0.0	0	0	5	0.1111111111111111	651	U		U-d20181117-s10-r2-w17	108	063ea03502af8d44e547ba45c7524f405f8afcd9558bae5d5f3413770ea16142	930	W5	251b331eb56fe870e734d651bf6937e95304919ed92967b2f3b0d0b9da1ac346			
C-30	ok	d20181117-s10-r2-w17	C-30-d20181117-s10-r2-w17	status-pass	0.6388888888888888	69	0.0	46786.0	37035	3301.072463768116	29022	69	0.0	0.0	0.0	0.043478260869565216	19890	0.0	0	0.0	0.0	0.0	0.0	0	0	52	0.08333333333333333	588	C	30	C-30-d20181117-s10-r2-w17	108	063ea03502af8d44e547ba45c7524f405f8afcd9558bae5d5f3413770ea16142	746	W5	a2f11a3ada0773f9b30b85c56c935058e2e931f13c907f46b2ddfff8c1285f1c		51356	True
Mplus-30	ok	d20181117-s10-r2-w17	Mplus-30-d20181117-s10-r2-w17	status-pass	0.6388888888888888	69	0.0	46786.0	37035	3301.072463768116	29022	69	0.0	0.0	0.0	0.043478260869565216	19890	0.0	47	0.043478260869565216	0.026785714285714284	0.0782312925170068	0.0	0	0	52	0.08333333333333333	588	Mplus	30	Mplus-30-d20181117-s10-r2-w17	108	063ea03502af8d44e547ba45c7524f405f8afcd9558bae5d5f3413770ea16142	747	W5	6c3e9d73f094d61e1a0514d7909c32d0231afd381198ea5b3b520675153880cf			
Mplus-60	ok	d20181117-s10-r2-w17	Mplus-60-d20181117-s10-r2-w17	status-pass	0.6388888888888888	69	0.0	46786.0	37035	3301.072463768116	29022	69	0.0	0.0	0.0	0.0	19890	0.0	0	0.0	0.0	0.0	0.0	0	0	50	0.09259259259259259	588	Mplus	60	Mplus-60-d20181117-s10-r2-w17	108	063ea03502af8d44e547ba45c7524f405f8afcd9558bae5d5f3413770ea16142	750	W5	e8c7c6af4c9b9d2dd0ccab02340d21b40a78790255a2080723868ab1f1b3392b			
V-30	ok	d20181117-s10-r2-w17	V-30-d20181117-s10-r2-w17	status-pass	0.6388888888888888	69	0.0	46786.0	37035	3301.072463768116	29022	69	0.0	0.0	0.0	0.043478260869565216	19890	0.0	131	0.11594202898550725	0.06717687074829932	0.23979591836734693	0.0	0	0	52	0.08333333333333333	588	V	30	V-30-d20181117-s10-r2-w17	108	063ea03502af8d44e547ba45c7524f405f8afcd9558bae5d5f3413770ea16142	765	W5	e1640647900c873106e237fe241d85993e9f4c2130e6146fb49e360675b04550	0.11594202898550725		
U	ok	d20181117-s10-r3-w07	U-d20181117-s10-r3-w07	status-pass	0.6574074074074074	71	0.1267605633802817	394802.75	660057	37095.394366197186	274279	71	0.028169014084507043	0.09859154929577464	0.0		590133		0	0.0	0.0	0.0	0.0	11169	1	4	0.1308411214953271	610	U		U-d20181117-s10-r3-w07	108	4e9c666ee69362e1b084e1a4fee0362bb9a0f695286212a2e0459a45a2b7750e	951	W5	251b331eb56fe870e734d651bf6937e95304919ed92967b2f3b0d0b9da1ac346			
C-30	ok	d20181117-s10-r3-w07	C-30-d20181117-s10-r3-w07	status-pass	0.6203703703703703	67	0.029850746268656716	71371.5	76815	13339.805970149253	41950	67	0.0	0.014925373134328358	0.0	0.16417910447761194	1	0.0	0	0.0	0.0	0.0	0.0	2998	1	24	0.08411214953271028	581	C	30	C-30-d20181117-s10-r3-w07	108	4e9c666ee69362e1b084e1a4fee0362bb9a0f695286212a2e0459a45a2b7750e	723	W5	a2f11a3ada0773f9b30b85c56c935058e2e931f13c907f46b2ddfff8c1285f1c		102451	True
Mplus-30	ok	d20181117-s10-r3-w07	Mplus-30-d20181117-s10-r3-w07	status-pass	0.6203703703703703	67	0.029850746268656716	71371.5	76815	13339.805970149253	41950	67	0.0	0.014925373134328358	0.0	0.16417910447761194	1	0.0	360	0.16417910447761194	0.17792598967297762	0.6523235800344234	0.0	2998	1	24	0.08411214953271028	581	Mplus	30	Mplus-30-d20181117-s10-r3-w07	108	4e9c666ee69362e1b084e1a4fee0362bb9a0f695286212a2e0459a45a2b7750e	778	W5	6c3e9d73f094d61e1a0514d7909c32d0231afd381198ea5b3b520675153880cf			
Mplus-60	ok	d20181117-s10-r3-w07	Mplus-60-d20181117-s10-r3-w07	status-pass	0.6203703703703703	67	0.029850746268656716	71371.5	76815	13339.805970149253	41950	67	0.0	0.014925373134328358	0.0	0.014925373134328358	1	0.0	13	0.014925373134328358	0.0070998278829604135	0.05679862306368331	0.0	2998	1	23	0.08411214953271028	581	Mplus	60	Mplus-60-d20181117-s10-r3-w07	108	4e9c666ee69362e1b084e1a4fee0362bb9a0f695286212a2e0459a45a2b7750e	716	W5	e8c7c6af4c9b9d2dd0ccab02340d21b40a78790255a2080723868ab1f1b3392b			
V-30	ok	d20181117-s10-r3-w07	V-30-d20181117-s10-r3-w07	status-pass	0.6203703703703703	67	0.029850746268656716	71371.5	76815	13339.805970149253	41950	67	0.0	0.014925373134328358	0.0	0.16417910447761194	1	0.0	452	0.22388059701492538	0.2231067125645439	0.6867469879518072	0.0	2998	1	24	0.08411214953271028	581	V	30	V-30-d20181117-s10-r3-w07	108	4e9c666ee69362e1b084e1a4fee0362bb9a0f695286212a2e0459a45a2b7750e	783	W5	e1640647900c873106e237fe241d85993e9f4c2130e6146fb49e360675b04550	0.22388059701492538		
U	ok	d20181117-s10-r3-w08	U-d20181117-s10-r3-w08	status-pass	0.5092592592592593	55	0.12727272727272726	294648.3333333333	572709	30124.927272727273	106642	55	0.01818181818181818	0.10909090909090909	0.0		475515		0	0.0	0.0	0.0	0.0	0	0	2	0.0660377358490566	499	U		U-d20181117-s10-r3-w08	108	943a59eefd414ac5bbe5c7f74e8cae5e6cb7c3e1f7a2e9cd999d2737a1897c54	526	W5	251b331eb56fe870e734d651bf6937e95304919ed92967b2f3b0d0b9da1ac346			
C-30	ok	d20181117-s10-r3-w08	C-30-d20181117-s10-r3-w08	status-pass	0.48148148148148145	52	0.057692307692307696	116470.33333333333	79329	15628.884615384615	64640	52	0.0	0.057692307692307696	0.0	0.1346153846153846	8295	0.0	0	0.0	0.0	0.0	0.0	0	0	14	0.02830188679245283	478	C	30	C-30-d20181117-s10-r3-w08	108	943a59eefd414ac5bbe5c7f74e8cae5e6cb7c3e1f7a2e9cd999d2737a1897c54	483	W5	a2f11a3ada0773f9b30b85c56c935058e2e931f13c907f46b2ddfff8c1285f1c		128706	True
Mplus-30	ok	d20181117-s10-r3-w08	Mplus-30-d20181117-s10-r3-w08	status-pass	0.48148148148148145	52	0.057692307692307696	116470.33333333333	79329	15628.884615384615	64640	52	0.0	0.057692307692307696	0.0	0.1346153846153846	8295	0.0	283	0.15384615384615385	0.15088912133891214	0.6903765690376569	0.0	0	0	14	0.02830188679245283	478	Mplus	30	Mplus-30-d20181117-s10-r3-w08	108	943a59eefd414ac5bbe5c7f74e8cae5e6cb7c3e1f7a2e9cd999d2737a1897c54	527	W5	6c3e9d73f094d61e1a0514d7909c32d0231afd381198ea5b3b520675153880cf			
Mplus-60	ok	d20181117-s10-r3-w08	Mplus-60-d20181117-s10-r3-w08	status-pass	0.48148148148148145	52	0.057692307692307696	116470.33333333333	79329	15628.884615384615	64640	52	0.0	0.057692307692307696	0.0	0.057692307692307696	8295	0.0	105	0.057692307692307696	0.05465481171548117	0.39330543933054396	0.0	0	0	12	0.02830188679245283	478	Mplus	60	Mplus-60-d20181117-s10-r3-w08	108	943a59eefd414ac5bbe5c7f74e8cae5e6cb7c3e1f7a2e9cd999d2737a1897c54	492	W5	e8c7c6af4c9b9d2dd0ccab02340d21b40a78790255a2080723868ab1f1b3392b			
V-30	ok	d20181117-s10-r3-w08	V-30-d20181117-s10-r3-w08	status-pass	0.48148148148148145	52	0.057692307692307696	116470.33333333333	79329	15628.884615384615	64640	52	0.0	0.057692307692307696	0.0	0.1346153846153846	8295	0.0	351	0.21153846153846154	0.18410041841004185	0.7112970711297071	0.0	0	0	14	0.02830188679245283	478	V	30	V-30-d20181117-s10-r3-w08	108	943a59eefd414ac5bbe5c7f74e8cae5e6cb7c3e1f7a2e9cd999d2737a1897c54	523	W5	e1640647900c873106e237fe241d85993e9f4c2130e6146fb49e360675b04550	0.21153846153846154		
U	ok	d20181117-s10-r3-w17	U-d20181117-s10-r3-w17	status-pass	0.75	81	0.04938271604938271	232386.2	372792	14867.04938271605	50191	81	0.012345679012345678	0.04938271604938271	0.0		387811		0	0.0	0.0	0.0	0.0	753	1	3	0.14814814814814814	678	U		U-d20181117-s10-r3-w17	108	5fe282ce3dfcaf4d3265f8d1a18f79330507d962cc64b0ac9ee3db64f1d59165	955	W5	251b331eb56fe870e734d651bf6937e95304919ed92967b2f3b0d0b9da1ac346			
C-30	ok	d20181117-s10-r3-w17	C-30-d20181117-s10-r3-w17	status-pass	0.7129629629629629	77	0.0	42163.0	43207	2016.012987012987	16415	77	0.0	0.0	0.0	0.025974025974025976	0	0.0	0	0.0	0.0	0.0	0.0	0	0	42	0.046296296296296294	653	C	30	C-30-d20181117-s10-r3-w17	108	5fe282ce3dfcaf4d3265f8d1a18f79330507d962cc64b0ac9ee3db64f1d59165	877	W5	a2f11a3ada0773f9b30b85c56c935058e2e931f13c907f46b2ddfff8c1285f1c		56603	True
Mplus-30	ok	d20181117-s10-r3-w17	Mplus-30-d20181117-s10-r3-w17	status-pass	0.7129629629629629	77	0.0	42163.0	43207	2016.012987012987	16415	77	0.0	0.0	0.0	0.025974025974025976	0	0.0	28	0.025974025974025976	0.014165390505359877	0.05972434915773354	0.0	0	0	42	0.046296296296296294	653	Mplus	30	Mplus-30-d20181117-s10-r3-w17	108	5fe282ce3dfcaf4d3265f8d1a18f79330507d962cc64b0ac9ee3db64f1d59165	888	W5	6c3e9d73f094d61e1a0514d7909c32d0231afd381198ea5b3b520675153880cf			
Mplus-60	ok	d20181117-s10-r3-w17	Mplus-60-d20181117-s10-r3-w17	status-pass	0.7129629629629629	77	0.0	42163.0	43207	2016.012987012987	16415	77	0.0	0.0	0.0	0.0	0	0.0	0	0.0	0.0	0.0	0.0	0	0	42	0.046296296296296294	653	Mplus	60	Mplus-60-d20181117-s10-r3-w17	108	5fe282ce3dfcaf4d3265f8d1a18f79330507d962cc64b0ac9ee3db64f1d59165	876	W5	e8c7c6af4c9b9d2dd0ccab02340d21b40a78790255a2080723868ab1f1b3392b			
V-30	ok	d20181117-s10-r3-w17	V-30-d20181117-s10-r3-w17	status-pass	0.7129629629629629	77	0.0	42163.0	43207	2016.012987012987	16415	77	0.0	0.0	0.0	0.025974025974025976	0	0.0	51	0.03896103896103896	0.024693721286370596	0.1439509954058193	0.0	0	0	43	0.046296296296296294	653	V	30	V-30-d20181117-s10-r3-w17	108	5fe282ce3dfcaf4d3265f8d1a18f79330507d962cc64b0ac9ee3db64f1d59165	885	W5	e1640647900c873106e237fe241d85993e9f4c2130e6146fb49e360675b04550	0.03896103896103896		
U	ok	d20181118-s10-r2-w08	U-d20181118-s10-r2-w08	status-pass	0.6203703703703703	67	0.13432835820895522	307537.0	488888	34855.49253731343	162052	67	0.029850746268656716	0.1044776119402985	0.0		424904		0	0.0	0.0	0.0	0.0	8316	1	4	0.12962962962962962	575	U		U-d20181118-s10-r2-w08	108	085f1beb0f08d47d59be523ada071bb4b73b462cd32009c78cc36b81b9d6d096	725	W5	251b331eb56fe870e734d651bf6937e95304919ed92967b2f3b0d0b9da1ac346			
C-30	ok	d20181118-s10-r2-w08	C-30-d20181118-s10-r2-w08	status-pass	0.5740740740740741	62	0.016129032258064516	56732.25	57558	14502.451612903225	45153	62	0.0	0.0	0.0	0.1774193548387097	1	0.0	0	0.0	0.0	0.0	0.0	969	1	24	0.07407407407407407	543	C	30	C-30-d20181118-s10-r2-w08	108	085f1beb0f08d47d59be523ada071bb4b73b462cd32009c78cc36b81b9d6d096	609	W5	a2f11a3ada0773f9b30b85c56c935058e2e931f13c907f46b2ddfff8c1285f1c		71504	True
Mplus-30	ok	d20181118-s10-r2-w08	Mplus-30-d20181118-s10-r2-w08	status-pass	0.5740740740740741	62	0.016129032258064516	56732.25	57558	14502.451612903225	45153	62	0.0	0.0	0.0	0.1774193548387097	1	0.0	190	0.20967741935483872	0.1072744014732965	0.30570902394106814	0.0	969	1	24	0.07407407407407407	543	Mplus	30	Mplus-30-d20181118-s10-r2-w08	108	085f1beb0f08d47d59be523ada071bb4b73b462cd32009c78cc36b81b9d6d096	645	W5	6c3e9d73f094d61e1a0514d7909c32d0231afd381198ea5b3b520675153880cf			
Mplus-60	ok	d20181118-s10-r2-w08	Mplus-60-d20181118-s10-r2-w08	status-pass	0.5740740740740741	62	0.016129032258064516	56732.25	57558	14502.451612903225	45153	62	0.0	0.0	0.0	0.0	1	0.0	0	0.0	0.0	0.0	0.0	969	1	24	0.07407407407407407	543	Mplus	60	Mplus-60-d20181118-s10-r2-w08	108	085f1beb0f08d47d59be523ada071bb4b73b462cd32009c78cc36b81b9d6d096	615	W5	e8c7c6af4c9b9d2dd0ccab02340d21b40a78790255a2080723868ab1f1b3392b			
V-30	ok	d20181118-s10-r2-w08	V-30-d20181118-s10-r2-w08	status-pass	0.5740740740740741	62	0.016129032258064516	56732.25	57558	14502.451612903225	45153	62	0.0	0.0	0.0	0.1774193548387097	1	0.0	261	0.3064516129032258	0.13627992633517497	0.3867403314917127	0.0	969	1	24	0.07407407407407407	543	V	30	V-30-d20181118-s10-r2-w08	108	085f1beb0f08d47d59be523ada071bb4b73b462cd32009c78cc36b81b9d6d096	649	W5	e1640647900c873106e237fe241d85993e9f4c2130e6146fb49e360675b04550	0.3064516129032258		
U	ok	d20181118-s10-r2-w17	U-d20181118-s10-r2-w17	status-pass	0.7685185185185185	83	0.0963855421686747	123921.0	162958	-2911.3012048192772	73627	83	0.0	0.060240963855421686	0.0		166825		0	0.0	0.0	0.0	0.0	0	0	11	0.18518518518518517	688	U		U-d20181118-s10-r2-w17	108	bad254e400462ab5efbcfe1e9fa3b08d7c99e26db78c26546f47e180e877fe2e	999	W5	251b331eb56fe870e734d651bf6937e95304919ed92967b2f3b0d0b9da1ac346			
C-30	ok	d20181118-s10-r2-w17	C-30-d20181118-s10-r2-w17	status-pass	0.7222222222222222	78	0.01282051282051282	61091.75	25983	-9522.74358974359	20816	78	0.0	0.0	0.0	0.0	23461	0.0	0	0.0	0.0	0.0	0.0	0	0	64	0.06481481481481481	656	C	30	C-30-d20181118-s10-r2-w17	108	bad254e400462ab5efbcfe1e9fa3b08d7c99e26db78c26546f47e180e877fe2e	897	W5	a2f11a3ada0773f9b30b85c56c935058e2e931f13c907f46b2ddfff8c1285f1c		78909	True
Mplus-30	ok	d20181118-s10-r2-w17	Mplus-30-d20181118-s10-r2-w17	status-pass	0.7222222222222222	78	0.01282051282051282	61091.75	25983	-9522.74358974359	20816	78	0.0	0.0	0.0	0.0	23461	0.0	0	0.0	0.0	0.0	0.0	0	0	64	0.06481481481481481	656	Mplus	30	Mplus-30-d20181118-s10-r2-w17	108	bad254e400462ab5efbcfe1e9fa3b08d7c99e26db78c26546f47e180e877fe2e	897	W5	6c3e9d73f094d61e1a0514d7909c32d0231afd381198ea5b3b520675153880cf			
Mplus-60	ok	d20181118-s10-r2-w17	Mplus-60-d20181118-s10-r2-w17	status-pass	0.7314814814814815	79	0.012658227848101266	61809.25	31943	-9081.417721518987	20888	79	0.0	0.0	0.0	0.0	38768	0.0	0	0.0	0.0	0.0	0.0	0	0	60	0.06481481481481481	664	Mplus	60	Mplus-60-d20181118-s10-r2-w17	108	bad254e400462ab5efbcfe1e9fa3b08d7c99e26db78c26546f47e180e877fe2e	908	W5	e8c7c6af4c9b9d2dd0ccab02340d21b40a78790255a2080723868ab1f1b3392b			
V-30	ok	d20181118-s10-r2-w17	V-30-d20181118-s10-r2-w17	status-pass	0.7222222222222222	78	0.01282051282051282	61091.75	25983	-9522.74358974359	20816	78	0.0	0.0	0.0	0.0	23461	0.0	260	0.16666666666666666	0.11756859756097561	0.6341463414634146	0.0	0	0	65	0.06481481481481481	656	V	30	V-30-d20181118-s10-r2-w17	108	bad254e400462ab5efbcfe1e9fa3b08d7c99e26db78c26546f47e180e877fe2e	952	W5	e1640647900c873106e237fe241d85993e9f4c2130e6146fb49e360675b04550	0.16666666666666666		
U	ok	d20181118-s10-r3-w08	U-d20181118-s10-r3-w08	status-pass	0.5185185185185185	56	0.14285714285714285	280346.3333333333	402679	35134.91071428572	138808	56	0.017857142857142856	0.10714285714285714	0.0		369858		0	0.0	0.0	0.0	0.0	0	0	3	0.05714285714285714	501	U		U-d20181118-s10-r3-w08	108	ff32df0672e50ab03edc834c45d1d656027be1e9415c1b9293417bf099b710a8	544	W5	251b331eb56fe870e734d651bf6937e95304919ed92967b2f3b0d0b9da1ac346			
C-30	ok	d20181118-s10-r3-w08	C-30-d20181118-s10-r3-w08	status-pass	0.48148148148148145	52	0.07692307692307693	89294.66666666667	104574	18654.73076923077	57980	52	0.0	0.019230769230769232	0.0	0.21153846153846154	8280	0.0	0	0.0	0.0	0.0	0.0	0	0	14	0.018867924528301886	477	C	30	C-30-d20181118-s10-r3-w08	108	ff32df0672e50ab03edc834c45d1d656027be1e9415c1b9293417bf099b710a8	492	W5	a2f11a3ada0773f9b30b85c56c935058e2e931f13c907f46b2ddfff8c1285f1c		122018	True
Mplus-30	ok	d20181118-s10-r3-w08	Mplus-30-d20181118-s10-r3-w08	status-pass	0.48148148148148145	52	0.07692307692307693	89294.66666666667	104574	18654.73076923077	57980	52	0.0	0.019230769230769232	0.0	0.21153846153846154	8280	0.0	275	0.21153846153846154	0.14334381551362682	0.4528301886792453	0.0	0	0	14	0.018867924528301886	477	Mplus	30	Mplus-30-d20181118-s10-r3-w08	108	ff32df0672e50ab03edc834c45d1d656027be1e9415c1b9293417bf099b710a8	539	W5	6c3e9d73f094d61e1a0514d7909c32d0231afd381198ea5b3b520675153880cf			
Mplus-60	ok	d20181118-s10-r3-w08	Mplus-60-d20181118-s10-r3-w08	status-pass	0.48148148148148145	52	0.07692307692307693	89294.66666666667	104574	18654.73076923077	57980	52	0.0	0.019230769230769232	0.0	0.019230769230769232	8280	0.0	64	0.038461538461538464	0.0330188679245283	0.2662473794549266	0.0	0	0	14	0.018867924528301886	477	Mplus	60	Mplus-60-d20181118-s10-r3-w08	108	ff32df0672e50ab03edc834c45d1d656027be1e9415c1b9293417bf099b710a8	504	W5	e8c7c6af4c9b9d2dd0ccab02340d21b40a78790255a2080723868ab1f1b3392b			
V-30	ok	d20181118-s10-r3-w08	V-30-d20181118-s10-r3-w08	status-pass	0.48148148148148145	52	0.07692307692307693	89294.66666666667	104574	18654.73076923077	57980	52	0.0	0.019230769230769232	0.0	0.21153846153846154	8280	0.0	313	0.2692307692307692	0.16483228511530398	0.5115303983228512	0.0	0	0	14	0.018867924528301886	477	V	30	V-30-d20181118-s10-r3-w08	108	ff32df0672e50ab03edc834c45d1d656027be1e9415c1b9293417bf099b710a8	532	W5	e1640647900c873106e237fe241d85993e9f4c2130e6146fb49e360675b04550	0.2692307692307692		
U	ok	d20181118-s10-r3-w17	U-d20181118-s10-r3-w17	status-pass	0.6759259259259259	73	0.1780821917808219	223813.5	196990	4962.41095890411	136240	73	0.0	0.0958904109589041	0.0		226121		0	0.0	0.0	0.0	0.0	386	1	7	0.1574074074074074	623	U		U-d20181118-s10-r3-w17	108	4f29d4a6ec79a3c0af87f0e090564e047dffa83d590a68cdcdbb1e1ac58f54cb	853	W5	251b331eb56fe870e734d651bf6937e95304919ed92967b2f3b0d0b9da1ac346			
C-30	ok	d20181118-s10-r3-w17	C-30-d20181118-s10-r3-w17	status-pass	0.6481481481481481	70	0.02857142857142857	65796.25	30784	-10850.471428571429	7511	70	0.0	0.0	0.0	0.014285714285714285	0	0.0	0	0.0	0.0	0.0	0.0	386	1	54	0.05555555555555555	600	C	30	C-30-d20181118-s10-r3-w17	108	4f29d4a6ec79a3c0af87f0e090564e047dffa83d590a68cdcdbb1e1ac58f54cb	768	W5	a2f11a3ada0773f9b30b85c56c935058e2e931f13c907f46b2ddfff8c1285f1c		85453	True
Mplus-30	ok	d20181118-s10-r3-w17	Mplus-30-d20181118-s10-r3-w17	status-pass	0.6481481481481481	70	0.02857142857142857	65796.25	30784	-10850.471428571429	7511	70	0.0	0.0	0.0	0.014285714285714285	0	0.0	37	0.014285714285714285	0.01875	0.15333333333333332	0.0	386	1	54	0.05555555555555555	600	Mplus	30	Mplus-30-d20181118-s10-r3-w17	108	4f29d4a6ec79a3c0af87f0e090564e047dffa83d590a68cdcdbb1e1ac58f54cb	783	W5	6c3e9d73f094d61e1a0514d7909c32d0231afd381198ea5b3b520675153880cf			
Mplus-60	ok	d20181118-s10-r3-w17	Mplus-60-d20181118-s10-r3-w17	status-pass	0.6481481481481481	70	0.02857142857142857	65796.25	30784	-10850.471428571429	7511	70	0.0	0.0	0.0	0.0	0	0.0	0	0.0	0.0	0.0	0.0	386	1	51	0.06481481481481481	600	Mplus	60	Mplus-60-d20181118-s10-r3-w17	108	4f29d4a6ec79a3c0af87f0e090564e047dffa83d590a68cdcdbb1e1ac58f54cb	770	W5	e8c7c6af4c9b9d2dd0ccab02340d21b40a78790255a2080723868ab1f1b3392b			
V-30	ok	d20181118-s10-r3-w17	V-30-d20181118-s10-r3-w17	status-pass	0.6481481481481481	70	0.02857142857142857	65796.25	30784	-10850.471428571429	7511	70	0.0	0.0	0.0	0.014285714285714285	0	0.0	232	0.18571428571428572	0.11979166666666667	0.6066666666666667	0.0	386	1	54	0.05555555555555555	600	V	30	V-30-d20181118-s10-r3-w17	108	4f29d4a6ec79a3c0af87f0e090564e047dffa83d590a68cdcdbb1e1ac58f54cb	803	W5	e1640647900c873106e237fe241d85993e9f4c2130e6146fb49e360675b04550	0.18571428571428572		
U	ok	d20181118-s10-r4-w08	U-d20181118-s10-r4-w08	status-pass	0.6574074074074074	71	0.07042253521126761	255495.5	356989	30803.323943661973	129376	71	0.028169014084507043	0.07042253521126761	0.0		260663		0	0.0	0.0	0.0	0.0	3555	1	17	0.1308411214953271	596	U		U-d20181118-s10-r4-w08	108	bf49b2573da984ebb0b27056c6f144185ed759f85a17fa83ed8472535c9ec9da	766	W5	251b331eb56fe870e734d651bf6937e95304919ed92967b2f3b0d0b9da1ac346			
C-30	ok	d20181118-s10-r4-w08	C-30-d20181118-s10-r4-w08	status-pass	0.5925925925925926	64	0.0625	94582.0	113763	19057.578125	50687	64	0.0	0.03125	0.0	0.21875	1	0.0	0	0.0	0.0	0.0	0.0	3595	1	40	0.09345794392523364	549	C	30	C-30-d20181118-s10-r4-w08	108	bf49b2573da984ebb0b27056c6f144185ed759f85a17fa83ed8472535c9ec9da	645	W5	a2f11a3ada0773f9b30b85c56c935058e2e931f13c907f46b2ddfff8c1285f1c		135561	True
Mplus-30	ok	d20181118-s10-r4-w08	Mplus-30-d20181118-s10-r4-w08	status-pass	0.5925925925925926	64	0.0625	94582.0	113763	19057.578125	50687	64	0.0	0.03125	0.0	0.21875	1	0.0	368	0.21875	0.174408014571949	0.49544626593806923	0.0	3595	1	40	0.09345794392523364	549	Mplus	30	Mplus-30-d20181118-s10-r4-w08	108	bf49b2573da984ebb0b27056c6f144185ed759f85a17fa83ed8472535c9ec9da	690	W5	6c3e9d73f094d61e1a0514d7909c32d0231afd381198ea5b3b520675153880cf			
Mplus-60	ok	d20181118-s10-r4-w08	Mplus-60-d20181118-s10-r4-w08	status-pass	0.5925925925925926	64	0.0625	94582.0	113763	19057.578125	50687	64	0.0	0.03125	0.0	0.03125	1	0.0	79	0.03125	0.039162112932604735	0.3151183970856102	0.0	3595	1	40	0.09345794392523364	549	Mplus	60	Mplus-60-d20181118-s10-r4-w08	108	bf49b2573da984ebb0b27056c6f144185ed759f85a17fa83ed8472535c9ec9da	650	W5	e8c7c6af4c9b9d2dd0ccab02340d21b40a78790255a2080723868ab1f1b3392b			
V-30	ok	d20181118-s10-r4-w08	V-30-d20181118-s10-r4-w08	status-pass	0.5925925925925926	64	0.0625	94582.0	113763	19057.578125	50687	64	0.0	0.03125	0.0	0.21875	1	0.0	422	0.296875	0.19922586520947178	0.49544626593806923	0.0	3595	1	40	0.09345794392523364	549	V	30	V-30-d20181118-s10-r4-w08	108	bf49b2573da984ebb0b27056c6f144185ed759f85a17fa83ed8472535c9ec9da	698	W5	e1640647900c873106e237fe241d85993e9f4c2130e6146fb49e360675b04550	0.296875		
U	ok	d20181118-s10-r4-w17	U-d20181118-s10-r4-w17	status-pass	0.7685185185185185	83	0.1566265060240964	211047.2	188387	1523.6626506024097	138831	83	0.0	0.0963855421686747	0.0		222637		0	0.0	0.0	0.0	0.0	0	0	8	0.1574074074074074	695	U		U-d20181118-s10-r4-w17	108	5f1cbdf0610eaf61e9d89a028a666031616cac99bba4edd33449194f8b515861	940	W5	251b331eb56fe870e734d651bf6937e95304919ed92967b2f3b0d0b9da1ac346			
C-30	ok	d20181118-s10-r4-w17	C-30-d20181118-s10-r4-w17	status-pass	0.7129629629629629	77	0.05194805194805195	72672.25	8038	-14809.597402597403	1	77	0.0	0.0	0.0	0.0	1	0.0	0	0.0	0.0	0.0	0.0	0	0	63	0.037037037037037035	656	C	30	C-30-d20181118-s10-r4-w17	108	5f1cbdf0610eaf61e9d89a028a666031616cac99bba4edd33449194f8b515861	801	W5	a2f11a3ada0773f9b30b85c56c935058e2e931f13c907f46b2ddfff8c1285f1c		81922	True
Mplus-30	ok	d20181118-s10-r4-w17	Mplus-30-d20181118-s10-r4-w17	status-pass	0.7129629629629629	77	0.05194805194805195	72672.25	8038	-14809.597402597403	1	77	0.0	0.0	0.0	0.0	1	0.0	0	0.0	0.0	0.0	0.0	0	0	63	0.037037037037037035	656	Mplus	30	Mplus-30-d20181118-s10-r4-w17	108	5f1cbdf0610eaf61e9d89a028a666031616cac99bba4edd33449194f8b515861	723	W5	6c3e9d73f094d61e1a0514d7909c32d0231afd381198ea5b3b520675153880cf			
Mplus-60	ok	d20181118-s10-r4-w17	Mplus-60-d20181118-s10-r4-w17	status-pass	0.7129629629629629	77	0.05194805194805195	72672.25	8038	-14809.597402597403	1	77	0.0	0.0	0.0	0.0	1	0.0	0	0.0	0.0	0.0	0.0	0	0	59	0.046296296296296294	656	Mplus	60	Mplus-60-d20181118-s10-r4-w17	108	5f1cbdf0610eaf61e9d89a028a666031616cac99bba4edd33449194f8b515861	703	W5	e8c7c6af4c9b9d2dd0ccab02340d21b40a78790255a2080723868ab1f1b3392b			
V-30	ok	d20181118-s10-r4-w17	V-30-d20181118-s10-r4-w17	status-pass	0.7129629629629629	77	0.05194805194805195	72672.25	8038	-14809.597402597403	1	77	0.0	0.0	0.0	0.0	1	0.0	404	0.22077922077922077	0.18902439024390244	0.6051829268292683	0.0	0	0	65	0.037037037037037035	656	V	30	V-30-d20181118-s10-r4-w17	108	5f1cbdf0610eaf61e9d89a028a666031616cac99bba4edd33449194f8b515861	745	W5	e1640647900c873106e237fe241d85993e9f4c2130e6146fb49e360675b04550	0.22077922077922077		
